--
-- PostgreSQL database dump
--

-- Dumped from database version 14.18
-- Dumped by pg_dump version 14.18

SET statement_timeout = 0;
SET lock_timeout = 0;
SET idle_in_transaction_session_timeout = 0;
SET client_encoding = 'UTF8';
SET standard_conforming_strings = on;
SELECT pg_catalog.set_config('search_path', '', false);
SET check_function_bodies = false;
SET xmloption = content;
SET client_min_messages = warning;
SET row_security = off;

SET default_tablespace = '';

SET default_table_access_method = heap;

--
-- Name: account_emailaddress; Type: TABLE; Schema: public; Owner: cbtsuser
--

CREATE TABLE public.account_emailaddress (
    id integer NOT NULL,
    email character varying(254) NOT NULL,
    verified boolean NOT NULL,
    "primary" boolean NOT NULL,
    user_id bigint NOT NULL
);


ALTER TABLE public.account_emailaddress OWNER TO cbtsuser;

--
-- Name: account_emailaddress_id_seq; Type: SEQUENCE; Schema: public; Owner: cbtsuser
--

ALTER TABLE public.account_emailaddress ALTER COLUMN id ADD GENERATED BY DEFAULT AS IDENTITY (
    SEQUENCE NAME public.account_emailaddress_id_seq
    START WITH 1
    INCREMENT BY 1
    NO MINVALUE
    NO MAXVALUE
    CACHE 1
);


--
-- Name: account_emailconfirmation; Type: TABLE; Schema: public; Owner: cbtsuser
--

CREATE TABLE public.account_emailconfirmation (
    id integer NOT NULL,
    created timestamp with time zone NOT NULL,
    sent timestamp with time zone,
    key character varying(64) NOT NULL,
    email_address_id integer NOT NULL
);


ALTER TABLE public.account_emailconfirmation OWNER TO cbtsuser;

--
-- Name: account_emailconfirmation_id_seq; Type: SEQUENCE; Schema: public; Owner: cbtsuser
--

ALTER TABLE public.account_emailconfirmation ALTER COLUMN id ADD GENERATED BY DEFAULT AS IDENTITY (
    SEQUENCE NAME public.account_emailconfirmation_id_seq
    START WITH 1
    INCREMENT BY 1
    NO MINVALUE
    NO MAXVALUE
    CACHE 1
);


--
-- Name: auth_group; Type: TABLE; Schema: public; Owner: cbtsuser
--

CREATE TABLE public.auth_group (
    id integer NOT NULL,
    name character varying(150) NOT NULL
);


ALTER TABLE public.auth_group OWNER TO cbtsuser;

--
-- Name: auth_group_id_seq; Type: SEQUENCE; Schema: public; Owner: cbtsuser
--

ALTER TABLE public.auth_group ALTER COLUMN id ADD GENERATED BY DEFAULT AS IDENTITY (
    SEQUENCE NAME public.auth_group_id_seq
    START WITH 1
    INCREMENT BY 1
    NO MINVALUE
    NO MAXVALUE
    CACHE 1
);


--
-- Name: auth_group_permissions; Type: TABLE; Schema: public; Owner: cbtsuser
--

CREATE TABLE public.auth_group_permissions (
    id bigint NOT NULL,
    group_id integer NOT NULL,
    permission_id integer NOT NULL
);


ALTER TABLE public.auth_group_permissions OWNER TO cbtsuser;

--
-- Name: auth_group_permissions_id_seq; Type: SEQUENCE; Schema: public; Owner: cbtsuser
--

ALTER TABLE public.auth_group_permissions ALTER COLUMN id ADD GENERATED BY DEFAULT AS IDENTITY (
    SEQUENCE NAME public.auth_group_permissions_id_seq
    START WITH 1
    INCREMENT BY 1
    NO MINVALUE
    NO MAXVALUE
    CACHE 1
);


--
-- Name: auth_permission; Type: TABLE; Schema: public; Owner: cbtsuser
--

CREATE TABLE public.auth_permission (
    id integer NOT NULL,
    name character varying(255) NOT NULL,
    content_type_id integer NOT NULL,
    codename character varying(100) NOT NULL
);


ALTER TABLE public.auth_permission OWNER TO cbtsuser;

--
-- Name: auth_permission_id_seq; Type: SEQUENCE; Schema: public; Owner: cbtsuser
--

ALTER TABLE public.auth_permission ALTER COLUMN id ADD GENERATED BY DEFAULT AS IDENTITY (
    SEQUENCE NAME public.auth_permission_id_seq
    START WITH 1
    INCREMENT BY 1
    NO MINVALUE
    NO MAXVALUE
    CACHE 1
);


--
-- Name: authtoken_token; Type: TABLE; Schema: public; Owner: cbtsuser
--

CREATE TABLE public.authtoken_token (
    key character varying(40) NOT NULL,
    created timestamp with time zone NOT NULL,
    user_id bigint NOT NULL
);


ALTER TABLE public.authtoken_token OWNER TO cbtsuser;

--
-- Name: django_admin_log; Type: TABLE; Schema: public; Owner: cbtsuser
--

CREATE TABLE public.django_admin_log (
    id integer NOT NULL,
    action_time timestamp with time zone NOT NULL,
    object_id text,
    object_repr character varying(200) NOT NULL,
    action_flag smallint NOT NULL,
    change_message text NOT NULL,
    content_type_id integer,
    user_id bigint NOT NULL,
    CONSTRAINT django_admin_log_action_flag_check CHECK ((action_flag >= 0))
);


ALTER TABLE public.django_admin_log OWNER TO cbtsuser;

--
-- Name: django_admin_log_id_seq; Type: SEQUENCE; Schema: public; Owner: cbtsuser
--

ALTER TABLE public.django_admin_log ALTER COLUMN id ADD GENERATED BY DEFAULT AS IDENTITY (
    SEQUENCE NAME public.django_admin_log_id_seq
    START WITH 1
    INCREMENT BY 1
    NO MINVALUE
    NO MAXVALUE
    CACHE 1
);


--
-- Name: django_content_type; Type: TABLE; Schema: public; Owner: cbtsuser
--

CREATE TABLE public.django_content_type (
    id integer NOT NULL,
    app_label character varying(100) NOT NULL,
    model character varying(100) NOT NULL
);


ALTER TABLE public.django_content_type OWNER TO cbtsuser;

--
-- Name: django_content_type_id_seq; Type: SEQUENCE; Schema: public; Owner: cbtsuser
--

ALTER TABLE public.django_content_type ALTER COLUMN id ADD GENERATED BY DEFAULT AS IDENTITY (
    SEQUENCE NAME public.django_content_type_id_seq
    START WITH 1
    INCREMENT BY 1
    NO MINVALUE
    NO MAXVALUE
    CACHE 1
);


--
-- Name: django_migrations; Type: TABLE; Schema: public; Owner: cbtsuser
--

CREATE TABLE public.django_migrations (
    id bigint NOT NULL,
    app character varying(255) NOT NULL,
    name character varying(255) NOT NULL,
    applied timestamp with time zone NOT NULL
);


ALTER TABLE public.django_migrations OWNER TO cbtsuser;

--
-- Name: django_migrations_id_seq; Type: SEQUENCE; Schema: public; Owner: cbtsuser
--

ALTER TABLE public.django_migrations ALTER COLUMN id ADD GENERATED BY DEFAULT AS IDENTITY (
    SEQUENCE NAME public.django_migrations_id_seq
    START WITH 1
    INCREMENT BY 1
    NO MINVALUE
    NO MAXVALUE
    CACHE 1
);


--
-- Name: django_session; Type: TABLE; Schema: public; Owner: cbtsuser
--

CREATE TABLE public.django_session (
    session_key character varying(40) NOT NULL,
    session_data text NOT NULL,
    expire_date timestamp with time zone NOT NULL
);


ALTER TABLE public.django_session OWNER TO cbtsuser;

--
-- Name: django_site; Type: TABLE; Schema: public; Owner: cbtsuser
--

CREATE TABLE public.django_site (
    id integer NOT NULL,
    domain character varying(100) NOT NULL,
    name character varying(50) NOT NULL
);


ALTER TABLE public.django_site OWNER TO cbtsuser;

--
-- Name: django_site_id_seq; Type: SEQUENCE; Schema: public; Owner: cbtsuser
--

ALTER TABLE public.django_site ALTER COLUMN id ADD GENERATED BY DEFAULT AS IDENTITY (
    SEQUENCE NAME public.django_site_id_seq
    START WITH 1
    INCREMENT BY 1
    NO MINVALUE
    NO MAXVALUE
    CACHE 1
);


--
-- Name: socialaccount_socialaccount; Type: TABLE; Schema: public; Owner: cbtsuser
--

CREATE TABLE public.socialaccount_socialaccount (
    id integer NOT NULL,
    provider character varying(200) NOT NULL,
    uid character varying(191) NOT NULL,
    last_login timestamp with time zone NOT NULL,
    date_joined timestamp with time zone NOT NULL,
    extra_data jsonb NOT NULL,
    user_id bigint NOT NULL
);


ALTER TABLE public.socialaccount_socialaccount OWNER TO cbtsuser;

--
-- Name: socialaccount_socialaccount_id_seq; Type: SEQUENCE; Schema: public; Owner: cbtsuser
--

ALTER TABLE public.socialaccount_socialaccount ALTER COLUMN id ADD GENERATED BY DEFAULT AS IDENTITY (
    SEQUENCE NAME public.socialaccount_socialaccount_id_seq
    START WITH 1
    INCREMENT BY 1
    NO MINVALUE
    NO MAXVALUE
    CACHE 1
);


--
-- Name: socialaccount_socialapp; Type: TABLE; Schema: public; Owner: cbtsuser
--

CREATE TABLE public.socialaccount_socialapp (
    id integer NOT NULL,
    provider character varying(30) NOT NULL,
    name character varying(40) NOT NULL,
    client_id character varying(191) NOT NULL,
    secret character varying(191) NOT NULL,
    key character varying(191) NOT NULL,
    provider_id character varying(200) NOT NULL,
    settings jsonb NOT NULL
);


ALTER TABLE public.socialaccount_socialapp OWNER TO cbtsuser;

--
-- Name: socialaccount_socialapp_id_seq; Type: SEQUENCE; Schema: public; Owner: cbtsuser
--

ALTER TABLE public.socialaccount_socialapp ALTER COLUMN id ADD GENERATED BY DEFAULT AS IDENTITY (
    SEQUENCE NAME public.socialaccount_socialapp_id_seq
    START WITH 1
    INCREMENT BY 1
    NO MINVALUE
    NO MAXVALUE
    CACHE 1
);


--
-- Name: socialaccount_socialapp_sites; Type: TABLE; Schema: public; Owner: cbtsuser
--

CREATE TABLE public.socialaccount_socialapp_sites (
    id bigint NOT NULL,
    socialapp_id integer NOT NULL,
    site_id integer NOT NULL
);


ALTER TABLE public.socialaccount_socialapp_sites OWNER TO cbtsuser;

--
-- Name: socialaccount_socialapp_sites_id_seq; Type: SEQUENCE; Schema: public; Owner: cbtsuser
--

ALTER TABLE public.socialaccount_socialapp_sites ALTER COLUMN id ADD GENERATED BY DEFAULT AS IDENTITY (
    SEQUENCE NAME public.socialaccount_socialapp_sites_id_seq
    START WITH 1
    INCREMENT BY 1
    NO MINVALUE
    NO MAXVALUE
    CACHE 1
);


--
-- Name: socialaccount_socialtoken; Type: TABLE; Schema: public; Owner: cbtsuser
--

CREATE TABLE public.socialaccount_socialtoken (
    id integer NOT NULL,
    token text NOT NULL,
    token_secret text NOT NULL,
    expires_at timestamp with time zone,
    account_id integer NOT NULL,
    app_id integer
);


ALTER TABLE public.socialaccount_socialtoken OWNER TO cbtsuser;

--
-- Name: socialaccount_socialtoken_id_seq; Type: SEQUENCE; Schema: public; Owner: cbtsuser
--

ALTER TABLE public.socialaccount_socialtoken ALTER COLUMN id ADD GENERATED BY DEFAULT AS IDENTITY (
    SEQUENCE NAME public.socialaccount_socialtoken_id_seq
    START WITH 1
    INCREMENT BY 1
    NO MINVALUE
    NO MAXVALUE
    CACHE 1
);


--
-- Name: token_blacklist_blacklistedtoken; Type: TABLE; Schema: public; Owner: cbtsuser
--

CREATE TABLE public.token_blacklist_blacklistedtoken (
    id bigint NOT NULL,
    blacklisted_at timestamp with time zone NOT NULL,
    token_id bigint NOT NULL
);


ALTER TABLE public.token_blacklist_blacklistedtoken OWNER TO cbtsuser;

--
-- Name: token_blacklist_blacklistedtoken_id_seq; Type: SEQUENCE; Schema: public; Owner: cbtsuser
--

ALTER TABLE public.token_blacklist_blacklistedtoken ALTER COLUMN id ADD GENERATED BY DEFAULT AS IDENTITY (
    SEQUENCE NAME public.token_blacklist_blacklistedtoken_id_seq
    START WITH 1
    INCREMENT BY 1
    NO MINVALUE
    NO MAXVALUE
    CACHE 1
);


--
-- Name: token_blacklist_outstandingtoken; Type: TABLE; Schema: public; Owner: cbtsuser
--

CREATE TABLE public.token_blacklist_outstandingtoken (
    id bigint NOT NULL,
    token text NOT NULL,
    created_at timestamp with time zone,
    expires_at timestamp with time zone NOT NULL,
    user_id bigint,
    jti character varying(255) NOT NULL
);


ALTER TABLE public.token_blacklist_outstandingtoken OWNER TO cbtsuser;

--
-- Name: token_blacklist_outstandingtoken_id_seq; Type: SEQUENCE; Schema: public; Owner: cbtsuser
--

ALTER TABLE public.token_blacklist_outstandingtoken ALTER COLUMN id ADD GENERATED BY DEFAULT AS IDENTITY (
    SEQUENCE NAME public.token_blacklist_outstandingtoken_id_seq
    START WITH 1
    INCREMENT BY 1
    NO MINVALUE
    NO MAXVALUE
    CACHE 1
);


--
-- Name: tracker_bug; Type: TABLE; Schema: public; Owner: cbtsuser
--

CREATE TABLE public.tracker_bug (
    id bigint NOT NULL,
    title character varying(255) NOT NULL,
    description text NOT NULL,
    status character varying(20) NOT NULL,
    priority character varying(20) NOT NULL,
    created_at timestamp with time zone NOT NULL,
    updated_at timestamp with time zone NOT NULL,
    assigned_to_id bigint,
    reported_by_id bigint NOT NULL,
    project_id bigint NOT NULL,
    team_id bigint
);


ALTER TABLE public.tracker_bug OWNER TO cbtsuser;

--
-- Name: tracker_bug_id_seq; Type: SEQUENCE; Schema: public; Owner: cbtsuser
--

ALTER TABLE public.tracker_bug ALTER COLUMN id ADD GENERATED BY DEFAULT AS IDENTITY (
    SEQUENCE NAME public.tracker_bug_id_seq
    START WITH 1
    INCREMENT BY 1
    NO MINVALUE
    NO MAXVALUE
    CACHE 1
);


--
-- Name: tracker_project; Type: TABLE; Schema: public; Owner: cbtsuser
--

CREATE TABLE public.tracker_project (
    id bigint NOT NULL,
    name character varying(255) NOT NULL,
    description text NOT NULL,
    created_at timestamp with time zone NOT NULL,
    manager_id bigint NOT NULL
);


ALTER TABLE public.tracker_project OWNER TO cbtsuser;

--
-- Name: tracker_project_id_seq; Type: SEQUENCE; Schema: public; Owner: cbtsuser
--

ALTER TABLE public.tracker_project ALTER COLUMN id ADD GENERATED BY DEFAULT AS IDENTITY (
    SEQUENCE NAME public.tracker_project_id_seq
    START WITH 1
    INCREMENT BY 1
    NO MINVALUE
    NO MAXVALUE
    CACHE 1
);


--
-- Name: tracker_project_team_managers; Type: TABLE; Schema: public; Owner: cbtsuser
--

CREATE TABLE public.tracker_project_team_managers (
    id bigint NOT NULL,
    project_id bigint NOT NULL,
    user_id bigint NOT NULL
);


ALTER TABLE public.tracker_project_team_managers OWNER TO cbtsuser;

--
-- Name: tracker_project_team_managers_id_seq; Type: SEQUENCE; Schema: public; Owner: cbtsuser
--

ALTER TABLE public.tracker_project_team_managers ALTER COLUMN id ADD GENERATED BY DEFAULT AS IDENTITY (
    SEQUENCE NAME public.tracker_project_team_managers_id_seq
    START WITH 1
    INCREMENT BY 1
    NO MINVALUE
    NO MAXVALUE
    CACHE 1
);


--
-- Name: tracker_team; Type: TABLE; Schema: public; Owner: cbtsuser
--

CREATE TABLE public.tracker_team (
    id bigint NOT NULL,
    name character varying(255) NOT NULL,
    lead_id bigint,
    project_id bigint NOT NULL
);


ALTER TABLE public.tracker_team OWNER TO cbtsuser;

--
-- Name: tracker_team_id_seq; Type: SEQUENCE; Schema: public; Owner: cbtsuser
--

ALTER TABLE public.tracker_team ALTER COLUMN id ADD GENERATED BY DEFAULT AS IDENTITY (
    SEQUENCE NAME public.tracker_team_id_seq
    START WITH 1
    INCREMENT BY 1
    NO MINVALUE
    NO MAXVALUE
    CACHE 1
);


--
-- Name: tracker_team_managers; Type: TABLE; Schema: public; Owner: cbtsuser
--

CREATE TABLE public.tracker_team_managers (
    id bigint NOT NULL,
    team_id bigint NOT NULL,
    user_id bigint NOT NULL
);


ALTER TABLE public.tracker_team_managers OWNER TO cbtsuser;

--
-- Name: tracker_team_managers_id_seq; Type: SEQUENCE; Schema: public; Owner: cbtsuser
--

ALTER TABLE public.tracker_team_managers ALTER COLUMN id ADD GENERATED BY DEFAULT AS IDENTITY (
    SEQUENCE NAME public.tracker_team_managers_id_seq
    START WITH 1
    INCREMENT BY 1
    NO MINVALUE
    NO MAXVALUE
    CACHE 1
);


--
-- Name: tracker_team_members; Type: TABLE; Schema: public; Owner: cbtsuser
--

CREATE TABLE public.tracker_team_members (
    id bigint NOT NULL,
    team_id bigint NOT NULL,
    user_id bigint NOT NULL
);


ALTER TABLE public.tracker_team_members OWNER TO cbtsuser;

--
-- Name: tracker_team_members_id_seq; Type: SEQUENCE; Schema: public; Owner: cbtsuser
--

ALTER TABLE public.tracker_team_members ALTER COLUMN id ADD GENERATED BY DEFAULT AS IDENTITY (
    SEQUENCE NAME public.tracker_team_members_id_seq
    START WITH 1
    INCREMENT BY 1
    NO MINVALUE
    NO MAXVALUE
    CACHE 1
);


--
-- Name: tracker_user; Type: TABLE; Schema: public; Owner: cbtsuser
--

CREATE TABLE public.tracker_user (
    id bigint NOT NULL,
    password character varying(128) NOT NULL,
    last_login timestamp with time zone,
    is_superuser boolean NOT NULL,
    username character varying(150) NOT NULL,
    first_name character varying(150) NOT NULL,
    last_name character varying(150) NOT NULL,
    email character varying(254) NOT NULL,
    date_joined timestamp with time zone NOT NULL,
    role character varying(30) NOT NULL,
    is_staff boolean NOT NULL,
    is_active boolean NOT NULL,
    team_id bigint
);


ALTER TABLE public.tracker_user OWNER TO cbtsuser;

--
-- Name: tracker_user_groups; Type: TABLE; Schema: public; Owner: cbtsuser
--

CREATE TABLE public.tracker_user_groups (
    id bigint NOT NULL,
    user_id bigint NOT NULL,
    group_id integer NOT NULL
);


ALTER TABLE public.tracker_user_groups OWNER TO cbtsuser;

--
-- Name: tracker_user_groups_id_seq; Type: SEQUENCE; Schema: public; Owner: cbtsuser
--

ALTER TABLE public.tracker_user_groups ALTER COLUMN id ADD GENERATED BY DEFAULT AS IDENTITY (
    SEQUENCE NAME public.tracker_user_groups_id_seq
    START WITH 1
    INCREMENT BY 1
    NO MINVALUE
    NO MAXVALUE
    CACHE 1
);


--
-- Name: tracker_user_id_seq; Type: SEQUENCE; Schema: public; Owner: cbtsuser
--

ALTER TABLE public.tracker_user ALTER COLUMN id ADD GENERATED BY DEFAULT AS IDENTITY (
    SEQUENCE NAME public.tracker_user_id_seq
    START WITH 1
    INCREMENT BY 1
    NO MINVALUE
    NO MAXVALUE
    CACHE 1
);


--
-- Name: tracker_user_user_permissions; Type: TABLE; Schema: public; Owner: cbtsuser
--

CREATE TABLE public.tracker_user_user_permissions (
    id bigint NOT NULL,
    user_id bigint NOT NULL,
    permission_id integer NOT NULL
);


ALTER TABLE public.tracker_user_user_permissions OWNER TO cbtsuser;

--
-- Name: tracker_user_user_permissions_id_seq; Type: SEQUENCE; Schema: public; Owner: cbtsuser
--

ALTER TABLE public.tracker_user_user_permissions ALTER COLUMN id ADD GENERATED BY DEFAULT AS IDENTITY (
    SEQUENCE NAME public.tracker_user_user_permissions_id_seq
    START WITH 1
    INCREMENT BY 1
    NO MINVALUE
    NO MAXVALUE
    CACHE 1
);


--
-- Data for Name: account_emailaddress; Type: TABLE DATA; Schema: public; Owner: cbtsuser
--

COPY public.account_emailaddress (id, email, verified, "primary", user_id) FROM stdin;
\.


--
-- Data for Name: account_emailconfirmation; Type: TABLE DATA; Schema: public; Owner: cbtsuser
--

COPY public.account_emailconfirmation (id, created, sent, key, email_address_id) FROM stdin;
\.


--
-- Data for Name: auth_group; Type: TABLE DATA; Schema: public; Owner: cbtsuser
--

COPY public.auth_group (id, name) FROM stdin;
\.


--
-- Data for Name: auth_group_permissions; Type: TABLE DATA; Schema: public; Owner: cbtsuser
--

COPY public.auth_group_permissions (id, group_id, permission_id) FROM stdin;
\.


--
-- Data for Name: auth_permission; Type: TABLE DATA; Schema: public; Owner: cbtsuser
--

COPY public.auth_permission (id, name, content_type_id, codename) FROM stdin;
1	Can add log entry	1	add_logentry
2	Can change log entry	1	change_logentry
3	Can delete log entry	1	delete_logentry
4	Can view log entry	1	view_logentry
5	Can add permission	2	add_permission
6	Can change permission	2	change_permission
7	Can delete permission	2	delete_permission
8	Can view permission	2	view_permission
9	Can add group	3	add_group
10	Can change group	3	change_group
11	Can delete group	3	delete_group
12	Can view group	3	view_group
13	Can add content type	4	add_contenttype
14	Can change content type	4	change_contenttype
15	Can delete content type	4	delete_contenttype
16	Can view content type	4	view_contenttype
17	Can add session	5	add_session
18	Can change session	5	change_session
19	Can delete session	5	delete_session
20	Can view session	5	view_session
21	Can add site	6	add_site
22	Can change site	6	change_site
23	Can delete site	6	delete_site
24	Can view site	6	view_site
25	Can add Token	7	add_token
26	Can change Token	7	change_token
27	Can delete Token	7	delete_token
28	Can view Token	7	view_token
29	Can add Token	8	add_tokenproxy
30	Can change Token	8	change_tokenproxy
31	Can delete Token	8	delete_tokenproxy
32	Can view Token	8	view_tokenproxy
33	Can add blacklisted token	9	add_blacklistedtoken
34	Can change blacklisted token	9	change_blacklistedtoken
35	Can delete blacklisted token	9	delete_blacklistedtoken
36	Can view blacklisted token	9	view_blacklistedtoken
37	Can add outstanding token	10	add_outstandingtoken
38	Can change outstanding token	10	change_outstandingtoken
39	Can delete outstanding token	10	delete_outstandingtoken
40	Can view outstanding token	10	view_outstandingtoken
41	Can add email address	11	add_emailaddress
42	Can change email address	11	change_emailaddress
43	Can delete email address	11	delete_emailaddress
44	Can view email address	11	view_emailaddress
45	Can add email confirmation	12	add_emailconfirmation
46	Can change email confirmation	12	change_emailconfirmation
47	Can delete email confirmation	12	delete_emailconfirmation
48	Can view email confirmation	12	view_emailconfirmation
49	Can add social account	13	add_socialaccount
50	Can change social account	13	change_socialaccount
51	Can delete social account	13	delete_socialaccount
52	Can view social account	13	view_socialaccount
53	Can add social application	14	add_socialapp
54	Can change social application	14	change_socialapp
55	Can delete social application	14	delete_socialapp
56	Can view social application	14	view_socialapp
57	Can add social application token	15	add_socialtoken
58	Can change social application token	15	change_socialtoken
59	Can delete social application token	15	delete_socialtoken
60	Can view social application token	15	view_socialtoken
61	Can add user	16	add_user
62	Can change user	16	change_user
63	Can delete user	16	delete_user
64	Can view user	16	view_user
65	Can add project	17	add_project
66	Can change project	17	change_project
67	Can delete project	17	delete_project
68	Can view project	17	view_project
69	Can add team	18	add_team
70	Can change team	18	change_team
71	Can delete team	18	delete_team
72	Can view team	18	view_team
73	Can add bug	19	add_bug
74	Can change bug	19	change_bug
75	Can delete bug	19	delete_bug
76	Can view bug	19	view_bug
\.


--
-- Data for Name: authtoken_token; Type: TABLE DATA; Schema: public; Owner: cbtsuser
--

COPY public.authtoken_token (key, created, user_id) FROM stdin;
\.


--
-- Data for Name: django_admin_log; Type: TABLE DATA; Schema: public; Owner: cbtsuser
--

COPY public.django_admin_log (id, action_time, object_id, object_repr, action_flag, change_message, content_type_id, user_id) FROM stdin;
\.


--
-- Data for Name: django_content_type; Type: TABLE DATA; Schema: public; Owner: cbtsuser
--

COPY public.django_content_type (id, app_label, model) FROM stdin;
1	admin	logentry
2	auth	permission
3	auth	group
4	contenttypes	contenttype
5	sessions	session
6	sites	site
7	authtoken	token
8	authtoken	tokenproxy
9	token_blacklist	blacklistedtoken
10	token_blacklist	outstandingtoken
11	account	emailaddress
12	account	emailconfirmation
13	socialaccount	socialaccount
14	socialaccount	socialapp
15	socialaccount	socialtoken
16	tracker	user
17	tracker	project
18	tracker	team
19	tracker	bug
\.


--
-- Data for Name: django_migrations; Type: TABLE DATA; Schema: public; Owner: cbtsuser
--

COPY public.django_migrations (id, app, name, applied) FROM stdin;
1	contenttypes	0001_initial	2025-06-18 13:54:13.597922+00
2	contenttypes	0002_remove_content_type_name	2025-06-18 13:54:13.613285+00
3	auth	0001_initial	2025-06-18 13:54:13.702259+00
4	auth	0002_alter_permission_name_max_length	2025-06-18 13:54:13.713498+00
5	auth	0003_alter_user_email_max_length	2025-06-18 13:54:13.723247+00
6	auth	0004_alter_user_username_opts	2025-06-18 13:54:13.732574+00
7	auth	0005_alter_user_last_login_null	2025-06-18 13:54:13.743513+00
8	auth	0006_require_contenttypes_0002	2025-06-18 13:54:13.746676+00
9	auth	0007_alter_validators_add_error_messages	2025-06-18 13:54:13.759978+00
10	auth	0008_alter_user_username_max_length	2025-06-18 13:54:13.769802+00
11	auth	0009_alter_user_last_name_max_length	2025-06-18 13:54:13.793996+00
12	auth	0010_alter_group_name_max_length	2025-06-18 13:54:13.816065+00
13	auth	0011_update_proxy_permissions	2025-06-18 13:54:13.843018+00
14	auth	0012_alter_user_first_name_max_length	2025-06-18 13:54:13.85464+00
15	tracker	0001_initial	2025-06-18 13:54:14.085307+00
16	account	0001_initial	2025-06-18 13:54:14.163254+00
17	account	0002_email_max_length	2025-06-18 13:54:14.181116+00
18	account	0003_alter_emailaddress_create_unique_verified_email	2025-06-18 13:54:14.230238+00
19	account	0004_alter_emailaddress_drop_unique_email	2025-06-18 13:54:14.286521+00
20	account	0005_emailaddress_idx_upper_email	2025-06-18 13:54:14.316+00
21	account	0006_emailaddress_lower	2025-06-18 13:54:14.344748+00
22	account	0007_emailaddress_idx_email	2025-06-18 13:54:14.38185+00
23	account	0008_emailaddress_unique_primary_email_fixup	2025-06-18 13:54:14.409482+00
24	account	0009_emailaddress_unique_primary_email	2025-06-18 13:54:14.435364+00
25	admin	0001_initial	2025-06-18 13:54:14.487256+00
26	admin	0002_logentry_remove_auto_add	2025-06-18 13:54:14.522949+00
27	admin	0003_logentry_add_action_flag_choices	2025-06-18 13:54:14.540422+00
28	authtoken	0001_initial	2025-06-18 13:54:14.582839+00
29	authtoken	0002_auto_20160226_1747	2025-06-18 13:54:14.639109+00
30	authtoken	0003_tokenproxy	2025-06-18 13:54:14.643472+00
31	authtoken	0004_alter_tokenproxy_options	2025-06-18 13:54:14.651116+00
32	sessions	0001_initial	2025-06-18 13:54:14.677795+00
33	sites	0001_initial	2025-06-18 13:54:14.69065+00
34	sites	0002_alter_domain_unique	2025-06-18 13:54:14.706309+00
35	socialaccount	0001_initial	2025-06-18 13:54:14.853007+00
36	socialaccount	0002_token_max_lengths	2025-06-18 13:54:14.906099+00
37	socialaccount	0003_extra_data_default_dict	2025-06-18 13:54:14.923683+00
38	socialaccount	0004_app_provider_id_settings	2025-06-18 13:54:14.977315+00
39	socialaccount	0005_socialtoken_nullable_app	2025-06-18 13:54:15.012889+00
40	socialaccount	0006_alter_socialaccount_extra_data	2025-06-18 13:54:15.051507+00
41	token_blacklist	0001_initial	2025-06-18 13:54:15.142008+00
42	token_blacklist	0002_outstandingtoken_jti_hex	2025-06-18 13:54:15.163682+00
43	token_blacklist	0003_auto_20171017_2007	2025-06-18 13:54:15.20242+00
44	token_blacklist	0004_auto_20171017_2013	2025-06-18 13:54:15.234775+00
45	token_blacklist	0005_remove_outstandingtoken_jti	2025-06-18 13:54:15.259785+00
46	token_blacklist	0006_auto_20171017_2113	2025-06-18 13:54:15.281829+00
47	token_blacklist	0007_auto_20171017_2214	2025-06-18 13:54:15.334447+00
48	token_blacklist	0008_migrate_to_bigautofield	2025-06-18 13:54:15.452445+00
49	token_blacklist	0010_fix_migrate_to_bigautofield	2025-06-18 13:54:15.482959+00
50	token_blacklist	0011_linearizes_history	2025-06-18 13:54:15.487797+00
51	token_blacklist	0012_alter_outstandingtoken_user	2025-06-18 13:54:15.513816+00
52	tracker	0002_alter_bug_reported_by	2025-06-18 13:54:15.542047+00
53	tracker	0003_project_team_managers_team_managers_and_more	2025-06-18 13:54:15.678278+00
54	tracker	0004_team_members	2025-06-18 15:01:29.887657+00
\.


--
-- Data for Name: django_session; Type: TABLE DATA; Schema: public; Owner: cbtsuser
--

COPY public.django_session (session_key, session_data, expire_date) FROM stdin;
4r2y3d9lnyqzyiom2w6tcowgkrwgy3s8	.eJxVjDsOwjAUBO_iGln-JjYlPWewNs8vOIAcKU4qxN0hUgpod2b2JRK2taSt8ZKmLM7Ca3H6HQfQg-tO8h31Nkua67pMg9wVedAmr3Pm5-Vw_w4KWvnWrLQHGZNDUNAcqDM-ANGRzU6F2Hfordcj4FRUIIWRomOrnQMFY8X7A_4UN74:1uS6lJ:azOrwCVGYcNJTiNtpE4_RzJhhajcm9tsiVBLJqy45uY	2025-07-03 04:20:29.747644+00
\.


--
-- Data for Name: django_site; Type: TABLE DATA; Schema: public; Owner: cbtsuser
--

COPY public.django_site (id, domain, name) FROM stdin;
1	example.com	example.com
\.


--
-- Data for Name: socialaccount_socialaccount; Type: TABLE DATA; Schema: public; Owner: cbtsuser
--

COPY public.socialaccount_socialaccount (id, provider, uid, last_login, date_joined, extra_data, user_id) FROM stdin;
\.


--
-- Data for Name: socialaccount_socialapp; Type: TABLE DATA; Schema: public; Owner: cbtsuser
--

COPY public.socialaccount_socialapp (id, provider, name, client_id, secret, key, provider_id, settings) FROM stdin;
\.


--
-- Data for Name: socialaccount_socialapp_sites; Type: TABLE DATA; Schema: public; Owner: cbtsuser
--

COPY public.socialaccount_socialapp_sites (id, socialapp_id, site_id) FROM stdin;
\.


--
-- Data for Name: socialaccount_socialtoken; Type: TABLE DATA; Schema: public; Owner: cbtsuser
--

COPY public.socialaccount_socialtoken (id, token, token_secret, expires_at, account_id, app_id) FROM stdin;
\.


--
-- Data for Name: token_blacklist_blacklistedtoken; Type: TABLE DATA; Schema: public; Owner: cbtsuser
--

COPY public.token_blacklist_blacklistedtoken (id, blacklisted_at, token_id) FROM stdin;
\.


--
-- Data for Name: token_blacklist_outstandingtoken; Type: TABLE DATA; Schema: public; Owner: cbtsuser
--

COPY public.token_blacklist_outstandingtoken (id, token, created_at, expires_at, user_id, jti) FROM stdin;
1	eyJhbGciOiJIUzI1NiIsInR5cCI6IkpXVCJ9.eyJ0b2tlbl90eXBlIjoicmVmcmVzaCIsImV4cCI6MTc1MDQwNjc5MSwiaWF0IjoxNzUwMzIwMzkxLCJqdGkiOiIxMTdjMzE2NjhlNjY0ZmJiOWEwYWMxZDg4NmI1YjkxOCIsInVzZXJfaWQiOjM3fQ.18OhE3asmTluyCQz0X8Sf9lkuMU7Yrkk-w1IuccjEho	2025-06-19 08:06:31.2721+00	2025-06-20 08:06:31+00	37	117c31668e664fbb9a0ac1d886b5b918
2	eyJhbGciOiJIUzI1NiIsInR5cCI6IkpXVCJ9.eyJ0b2tlbl90eXBlIjoicmVmcmVzaCIsImV4cCI6MTc1MDQwNzg3MCwiaWF0IjoxNzUwMzIxNDcwLCJqdGkiOiIzM2E4YTEzOTY1MTk0M2M4ODk3ZWQyODk2OGUyZGU4MCIsInVzZXJfaWQiOjM3fQ.LMv4wsPZwheXsrBh9fpU-kPuLDiuaFsWsZlxe0wnzm0	2025-06-19 08:24:30.607654+00	2025-06-20 08:24:30+00	37	33a8a139651943c8897ed28968e2de80
3	eyJhbGciOiJIUzI1NiIsInR5cCI6IkpXVCJ9.eyJ0b2tlbl90eXBlIjoicmVmcmVzaCIsImV4cCI6MTc1MDQwNzk4MSwiaWF0IjoxNzUwMzIxNTgxLCJqdGkiOiIxN2M3NzExODFlNzY0NDQyYWIwZGMzYjQ4NDNjM2ExNiIsInVzZXJfaWQiOjM3fQ.87OQhqaP0gWndCheu4eGxwbRe8WsLdln2AMaaoxG7aU	2025-06-19 08:26:21.303951+00	2025-06-20 08:26:21+00	37	17c771181e764442ab0dc3b4843c3a16
4	eyJhbGciOiJIUzI1NiIsInR5cCI6IkpXVCJ9.eyJ0b2tlbl90eXBlIjoicmVmcmVzaCIsImV4cCI6MTc1MDQwODAwOCwiaWF0IjoxNzUwMzIxNjA4LCJqdGkiOiJkMGFhYjlkNjMxYTQ0M2QzOWVhZDIyNDM1ZWQ5YWNiOCIsInVzZXJfaWQiOjM3fQ.nLIukYOPlvtKnTEL44JQqR28LLj2x1t9W75bpcx9imQ	2025-06-19 08:26:48.137398+00	2025-06-20 08:26:48+00	37	d0aab9d631a443d39ead22435ed9acb8
5	eyJhbGciOiJIUzI1NiIsInR5cCI6IkpXVCJ9.eyJ0b2tlbl90eXBlIjoicmVmcmVzaCIsImV4cCI6MTc1MDQxNjA0NiwiaWF0IjoxNzUwMzI5NjQ2LCJqdGkiOiI2YmU0YzA3YjgyMGU0NmRhOTlmZDA3ODAwYzdjNjdlOSIsInVzZXJfaWQiOjM3fQ.Bc2WvBhPjrT-vSq-6gmwmcNSNMIYLt_4Y-lTaTezqJo	2025-06-19 10:40:46.026976+00	2025-06-20 10:40:46+00	37	6be4c07b820e46da99fd07800c7c67e9
6	eyJhbGciOiJIUzI1NiIsInR5cCI6IkpXVCJ9.eyJ0b2tlbl90eXBlIjoicmVmcmVzaCIsImV4cCI6MTc1MDQxNjA3NCwiaWF0IjoxNzUwMzI5Njc0LCJqdGkiOiJlNThkZTZlYmU2YmE0MGQwYjJjODY4N2U4ODY2MGNlOCIsInVzZXJfaWQiOjM3fQ.HLyKKAYdFb-8hanG7rnQtjujEF5EsVDoaiDtHEP7WXI	2025-06-19 10:41:14.926833+00	2025-06-20 10:41:14+00	37	e58de6ebe6ba40d0b2c8687e88660ce8
7	eyJhbGciOiJIUzI1NiIsInR5cCI6IkpXVCJ9.eyJ0b2tlbl90eXBlIjoicmVmcmVzaCIsImV4cCI6MTc1MDQxNjI1MSwiaWF0IjoxNzUwMzI5ODUxLCJqdGkiOiJmYTUwYWFhNjNmZmE0MDBlYWEzOGYyMmI5YjBkYjU1ZCIsInVzZXJfaWQiOjM3fQ.xcMWSEARynOhBOzZbBHejxfdji_mhhdPLfNdxisHHvE	2025-06-19 10:44:11.996244+00	2025-06-20 10:44:11+00	37	fa50aaa63ffa400eaa38f22b9b0db55d
8	eyJhbGciOiJIUzI1NiIsInR5cCI6IkpXVCJ9.eyJ0b2tlbl90eXBlIjoicmVmcmVzaCIsImV4cCI6MTc1MDQxNjI1NCwiaWF0IjoxNzUwMzI5ODU0LCJqdGkiOiIzMGIxNzdjNDEyMDc0NWU5YmU3ZThlNjFlYTNjY2UwYyIsInVzZXJfaWQiOjM3fQ.nm9cVw1JHOvZIReEIMB9p20SyDbBCzh-F1Lsx4UMHFU	2025-06-19 10:44:14.552295+00	2025-06-20 10:44:14+00	37	30b177c4120745e9be7e8e61ea3cce0c
9	eyJhbGciOiJIUzI1NiIsInR5cCI6IkpXVCJ9.eyJ0b2tlbl90eXBlIjoicmVmcmVzaCIsImV4cCI6MTc1MDQyMzc0MywiaWF0IjoxNzUwMzM3MzQzLCJqdGkiOiIxOWJjOGY2ZWI3YWE0ZDk5YTcyYzM3MWQxZmU5OGQwMyIsInVzZXJfaWQiOjM3fQ.aGsZyzcHUSwPvGQ-xhWnhuaAGXzRuPZkdcCDK-Oy5XQ	2025-06-19 12:49:03.827863+00	2025-06-20 12:49:03+00	37	19bc8f6eb7aa4d99a72c371d1fe98d03
10	eyJhbGciOiJIUzI1NiIsInR5cCI6IkpXVCJ9.eyJ0b2tlbl90eXBlIjoicmVmcmVzaCIsImV4cCI6MTc1MDQyNDIyNCwiaWF0IjoxNzUwMzM3ODI0LCJqdGkiOiI3Y2Y2OGNjNjFiZWY0Mzk5ODI4MDRlM2Q2OGRlYTA0YiIsInVzZXJfaWQiOjM3fQ.1MSwu1URnKo__RB0ADY5lsLE3hbbuFnp9aDhZScldzw	2025-06-19 12:57:04.29569+00	2025-06-20 12:57:04+00	37	7cf68cc61bef439982804e3d68dea04b
11	eyJhbGciOiJIUzI1NiIsInR5cCI6IkpXVCJ9.eyJ0b2tlbl90eXBlIjoicmVmcmVzaCIsImV4cCI6MTc1MDQyNDY3NCwiaWF0IjoxNzUwMzM4Mjc0LCJqdGkiOiI4ZWM0M2ZlMjRlYmU0OTdjODBjYmYzMjdmYmQxMTcwOCIsInVzZXJfaWQiOjM3fQ.OohwLeulVHjosq7G_JtH_KpZImkbRQy4g_02zRHYe4I	2025-06-19 13:04:34.058285+00	2025-06-20 13:04:34+00	37	8ec43fe24ebe497c80cbf327fbd11708
12	eyJhbGciOiJIUzI1NiIsInR5cCI6IkpXVCJ9.eyJ0b2tlbl90eXBlIjoicmVmcmVzaCIsImV4cCI6MTc1MDQ4MDE1NiwiaWF0IjoxNzUwMzkzNzU2LCJqdGkiOiI1YTQ1MDM5ODJiZWI0YjhkOTQyMzQyNWUwMDljYTQxNiIsInVzZXJfaWQiOjM3fQ.y7oZCUw8_Grw0cxirS09Ov8f-Vd0ayVyi_vdneas0k8	2025-06-20 04:29:16.193931+00	2025-06-21 04:29:16+00	37	5a4503982beb4b8d9423425e009ca416
13	eyJhbGciOiJIUzI1NiIsInR5cCI6IkpXVCJ9.eyJ0b2tlbl90eXBlIjoicmVmcmVzaCIsImV4cCI6MTc1MDQ4Mjg2OCwiaWF0IjoxNzUwMzk2NDY4LCJqdGkiOiJjZjMzMWNlNGJmN2Y0M2NlODA1NjQ3OWEwZjk3OTQxMSIsInVzZXJfaWQiOjM3fQ.QzHmrRVEmPfOU5-L9l_yHwyXtl9xWRvqiqO4H0UvlOg	2025-06-20 05:14:28.466354+00	2025-06-21 05:14:28+00	37	cf331ce4bf7f43ce8056479a0f979411
14	eyJhbGciOiJIUzI1NiIsInR5cCI6IkpXVCJ9.eyJ0b2tlbl90eXBlIjoicmVmcmVzaCIsImV4cCI6MTc1MDQ4NDUzOCwiaWF0IjoxNzUwMzk4MTM4LCJqdGkiOiI4MTcyMDY3NjY5YjY0NTRjODBmNzk5YmI0OThjNDA0OSIsInVzZXJfaWQiOjM3fQ.8p5BZfWq15M8iG3S2WRMKStOSFvmevKjHApwKOYHCOY	2025-06-20 05:42:18.261085+00	2025-06-21 05:42:18+00	37	8172067669b6454c80f799bb498c4049
15	eyJhbGciOiJIUzI1NiIsInR5cCI6IkpXVCJ9.eyJ0b2tlbl90eXBlIjoicmVmcmVzaCIsImV4cCI6MTc1MDQ4ODE0MywiaWF0IjoxNzUwNDAxNzQzLCJqdGkiOiIyZTRiYTk0M2EwODc0YzRkYTI1MjA1MDczMzIyZjc0OCIsInVzZXJfaWQiOjM3fQ.g-L0CyEdphNE3oF-DnNreb9UeVrymqIyqJOCNbUABow	2025-06-20 06:42:23.416395+00	2025-06-21 06:42:23+00	37	2e4ba943a0874c4da25205073322f748
16	eyJhbGciOiJIUzI1NiIsInR5cCI6IkpXVCJ9.eyJ0b2tlbl90eXBlIjoicmVmcmVzaCIsImV4cCI6MTc1MDQ4OTAwMiwiaWF0IjoxNzUwNDAyNjAyLCJqdGkiOiIyOTQ4MmUwZjg5OTI0MzJhODVkMDEwNzg3OTU4MzdlNSIsInVzZXJfaWQiOjM3fQ.LPX5FJDyU_uIbSFIQX0XLkCEq_gS3V7V8vN2fssdH_c	2025-06-20 06:56:42.336163+00	2025-06-21 06:56:42+00	37	29482e0f8992432a85d01078795837e5
17	eyJhbGciOiJIUzI1NiIsInR5cCI6IkpXVCJ9.eyJ0b2tlbl90eXBlIjoicmVmcmVzaCIsImV4cCI6MTc1MDQ5MTY4OSwiaWF0IjoxNzUwNDA1Mjg5LCJqdGkiOiI4ZTM0YTUzYTdlZTI0N2ExOTEyMGRiMzdiZjBjMTJhYiIsInVzZXJfaWQiOjM3fQ.gA1l0UnFPRxERxS5Z25aHPy6jhSnNqma_TFdpAjI5_E	2025-06-20 07:41:29.464411+00	2025-06-21 07:41:29+00	37	8e34a53a7ee247a19120db37bf0c12ab
18	eyJhbGciOiJIUzI1NiIsInR5cCI6IkpXVCJ9.eyJ0b2tlbl90eXBlIjoicmVmcmVzaCIsImV4cCI6MTc1MDQ5NDc1OCwiaWF0IjoxNzUwNDA4MzU4LCJqdGkiOiJhNWM1NmM5YjZlZmU0ZjMxOWM1NjQ5NzIwOGE4YmRhMiIsInVzZXJfaWQiOjM3fQ.qW4q2EDoQeMoMG9IUD3Ar-AUOEMhCKWWZUlfE_81T5M	2025-06-20 08:32:38.283934+00	2025-06-21 08:32:38+00	37	a5c56c9b6efe4f319c56497208a8bda2
19	eyJhbGciOiJIUzI1NiIsInR5cCI6IkpXVCJ9.eyJ0b2tlbl90eXBlIjoicmVmcmVzaCIsImV4cCI6MTc1MDUwMDEzNiwiaWF0IjoxNzUwNDEzNzM2LCJqdGkiOiIwZjNhMGFkODY2NTA0YzFhODNlMDc2NDNjNDcxNjAwMyIsInVzZXJfaWQiOjM3fQ.JE0E-er-P8QevW7RKbKpKEMKF6LO9vXqWa1TeBf00N8	2025-06-20 10:02:16.484188+00	2025-06-21 10:02:16+00	37	0f3a0ad866504c1a83e07643c4716003
20	eyJhbGciOiJIUzI1NiIsInR5cCI6IkpXVCJ9.eyJ0b2tlbl90eXBlIjoicmVmcmVzaCIsImV4cCI6MTc1MDUwNjY5NywiaWF0IjoxNzUwNDIwMjk3LCJqdGkiOiIyZmJiN2NmM2I1ZDk0M2M2YTdmOTRkOGUwZGRiNmYzOCIsInVzZXJfaWQiOjM3fQ.GIlJ-A8Dw3ztefPrWPvfbTfmXw6qoNy2oVTbYe-4mdA	2025-06-20 11:51:37.901907+00	2025-06-21 11:51:37+00	37	2fbb7cf3b5d943c6a7f94d8e0ddb6f38
\.


--
-- Data for Name: tracker_bug; Type: TABLE DATA; Schema: public; Owner: cbtsuser
--

COPY public.tracker_bug (id, title, description, status, priority, created_at, updated_at, assigned_to_id, reported_by_id, project_id, team_id) FROM stdin;
14	Password reset email not sent	No email received after clicking 'Forgot Password'.	in_progress	high	2025-06-19 04:18:11.013033+00	2025-06-19 04:18:11.013045+00	37	45	7	20
15	Incorrect role redirection	Testers redirected to admin dashboard.	resolved	medium	2025-06-19 04:18:11.015466+00	2025-06-19 04:18:11.015476+00	38	46	7	21
16	Analytics chart not loading	Project insights chart returns 500 error.	open	high	2025-06-19 04:18:11.017567+00	2025-06-19 04:18:11.017579+00	39	46	8	22
17	User invite email has typo	Subject line has spelling mistake in invite email.	in_progress	low	2025-06-19 04:18:11.020452+00	2025-06-19 04:18:11.020463+00	40	47	8	23
18	Session timeout too short	Users are logged out after just 1 minute of inactivity.	resolved	medium	2025-06-19 04:18:11.022867+00	2025-06-19 04:18:11.022879+00	37	45	8	24
19	Page crashes on certain devices	The page crashes on mobile devices when scrolling.	open	high	2025-06-19 04:18:11.025121+00	2025-06-19 04:18:11.025133+00	39	46	9	25
20	Missing data in reports	Analytics reports fail to show recent data.	in_progress	medium	2025-06-19 04:18:11.027232+00	2025-06-19 04:18:11.027243+00	40	47	9	26
21	User permissions not saved	User permissions reset to default after logout.	resolved	critical	2025-06-19 04:18:11.02979+00	2025-06-19 04:18:11.029839+00	37	45	9	27
22	UI overlap in sidebar	Sidebar menu overlaps with content on smaller screens.	open	low	2025-06-19 04:18:11.032323+00	2025-06-19 04:18:11.032334+00	39	47	7	19
23	API error 400 on login	Login fails with error 400 when using correct credentials.	in_progress	high	2025-06-19 04:18:11.034547+00	2025-06-19 04:18:11.034557+00	40	46	8	23
24	Outdated documentation	API docs are outdated and don't reflect recent changes.	resolved	medium	2025-06-19 04:18:11.036924+00	2025-06-19 04:18:11.036935+00	38	45	9	27
25	Search returns no results	Searching for existing bugs returns empty list.	open	medium	2025-06-19 04:18:11.039184+00	2025-06-19 04:18:11.039195+00	41	48	7	20
26	Notification email delay	Users receive notifications with a 10-minute delay.	in_progress	high	2025-06-19 04:18:11.041199+00	2025-06-19 04:18:11.04121+00	42	48	8	24
27	Data export CSV broken	Exported CSV files are empty.	open	critical	2025-06-19 04:18:11.043107+00	2025-06-19 04:18:11.043117+00	43	47	9	25
28	Login rate limit not working	Too many login attempts allowed.	resolved	medium	2025-06-19 04:18:11.045048+00	2025-06-19 04:18:11.045058+00	44	46	9	26
13	Login crashes on special characters	App crashes when user inputs '%%%' in username.	resolved	critical	2025-06-19 04:18:11.009061+00	2025-06-20 11:52:32.760955+00	37	45	7	19
\.


--
-- Data for Name: tracker_project; Type: TABLE DATA; Schema: public; Owner: cbtsuser
--

COPY public.tracker_project (id, name, description, created_at, manager_id) FROM stdin;
7	Bug Tracker Alpha	Initial phase of bug tracking system.	2025-06-19 04:18:10.931733+00	30
8	Bug Tracker Beta	Second version with analytics.	2025-06-19 04:18:10.934613+00	30
9	Bug Tracker Gamma	Project with advanced features.	2025-06-19 04:18:10.937506+00	30
\.


--
-- Data for Name: tracker_project_team_managers; Type: TABLE DATA; Schema: public; Owner: cbtsuser
--

COPY public.tracker_project_team_managers (id, project_id, user_id) FROM stdin;
\.


--
-- Data for Name: tracker_team; Type: TABLE DATA; Schema: public; Owner: cbtsuser
--

COPY public.tracker_team (id, name, lead_id, project_id) FROM stdin;
19	Alpha Team 1	34	7
20	Alpha Team 2	35	7
21	Alpha Team 3	36	7
22	Beta Team 1	34	8
23	Beta Team 2	35	8
24	Beta Team 3	36	8
25	Gamma Team 1	34	9
26	Gamma Team 2	35	9
27	Gamma Team 3	36	9
\.


--
-- Data for Name: tracker_team_managers; Type: TABLE DATA; Schema: public; Owner: cbtsuser
--

COPY public.tracker_team_managers (id, team_id, user_id) FROM stdin;
\.


--
-- Data for Name: tracker_team_members; Type: TABLE DATA; Schema: public; Owner: cbtsuser
--

COPY public.tracker_team_members (id, team_id, user_id) FROM stdin;
28	19	32
29	19	34
30	19	45
31	19	37
32	20	46
33	20	33
34	20	35
35	20	38
36	21	36
37	21	47
38	21	39
39	22	32
40	22	34
41	22	48
42	22	37
43	23	40
44	23	33
45	23	35
46	23	46
47	24	36
48	24	47
49	24	39
50	25	32
51	25	34
52	25	38
53	25	47
54	26	33
55	26	35
56	26	44
57	26	45
58	27	41
59	27	36
60	27	46
\.


--
-- Data for Name: tracker_user; Type: TABLE DATA; Schema: public; Owner: cbtsuser
--

COPY public.tracker_user (id, password, last_login, is_superuser, username, first_name, last_name, email, date_joined, role, is_staff, is_active, team_id) FROM stdin;
38	pbkdf2_sha256$1000000$SizIPSGx8M6ZcCRQWokdvp$WeosS286IcwB0OlagbPZqEV1aPvJsaCWyhSCVh9d4iw=	\N	f	dev_sara			dev_sara@example.com	2025-06-19 04:18:05.060982+00	developer	f	t	\N
30	pbkdf2_sha256$1000000$cq15HsfWH4iqveMkmGtsKA$Y24Vyjv4R4scvhnEJWhacvXVbl3s1b3LT5xjCXUZsDs=	\N	f	pm_john			pm_john@example.com	2025-06-19 04:18:03.152913+00	product_manager	t	t	\N
31	pbkdf2_sha256$1000000$vzsUGY7ATMQatc2GLSroJp$Uel7u07801JhvgGJIQ5Jl8KgDUFRGp4ml+J2RL9wvYs=	\N	f	eng_susan			eng_susan@example.com	2025-06-19 04:18:03.39418+00	engineering_manager	t	t	\N
32	pbkdf2_sha256$1000000$0lnwqGVBoqhDzXYeImp5vU$dItpcJET5ckJKYWHiD9rII72Xth2YPF66uUhktDdnUs=	\N	f	tm_alice			tm_alice@example.com	2025-06-19 04:18:03.628325+00	team_manager	f	t	\N
33	pbkdf2_sha256$1000000$vzX5qnKAPbSi19BP9D6K4e$qlQ9ILQefKSpZHKqgLMTysn/gPJIVVKjGWbbLGeAlfo=	\N	f	tm_bob			tm_bob@example.com	2025-06-19 04:18:03.869127+00	team_manager	f	t	\N
34	pbkdf2_sha256$1000000$dyUAfvSs4eTECMmrq14tpi$TPf9vdQqBNP2GRc1x0vRjlCEbC4MXmokLtFxUzIufXk=	\N	f	lead_amy			lead_amy@example.com	2025-06-19 04:18:04.107324+00	team_lead	f	t	\N
35	pbkdf2_sha256$1000000$zWzOxTZ5koQbSqC01Fke9s$rfD7erOOk99LTmSu9d5lIIj/wanK3arks7f9SzbSpOI=	\N	f	lead_brian			lead_brian@example.com	2025-06-19 04:18:04.345982+00	team_lead	f	t	\N
36	pbkdf2_sha256$1000000$a9x9UapOPO8Rn1zNZAONYV$bhiv8jLGxLoqr6MwtjggY7dgvauFSuzMSRsYtqYHxss=	\N	f	lead_chris			lead_chris@example.com	2025-06-19 04:18:04.585532+00	team_lead	f	t	\N
37	pbkdf2_sha256$1000000$UJxrylMfRZxMlMreXkInYI$Csb70jWi7Zngmb1hQaIGGBXi+O2imIQuWlZL1K9D6Ms=	\N	f	dev_mike			dev_mike@example.com	2025-06-19 04:18:04.820345+00	developer	f	t	\N
39	pbkdf2_sha256$1000000$Cd6XUFjgib50Gh5rlBwfEp$eRclHHahp5fBwo8Ks4Aiu/dma+5r6AmaQHIzhpgVQKA=	\N	f	dev_james			dev_james@example.com	2025-06-19 04:18:05.294963+00	developer	f	t	\N
40	pbkdf2_sha256$1000000$kHEJzWZp1SbILioYF2QtjB$VS54J4HKj88J9LRpgdowkdR8llbfhi+C5xmC5kK7Qyw=	\N	f	dev_lisa			dev_lisa@example.com	2025-06-19 04:18:05.5332+00	developer	f	t	\N
41	pbkdf2_sha256$1000000$PFIHzk3zU9lih99XcQpRCw$JeP3Q4OC4YVtGAWsl0uLmk8oNpNCuuQX5nswejbHt4U=	\N	f	dev_paul			dev_paul@example.com	2025-06-19 04:18:05.773109+00	developer	f	t	\N
42	pbkdf2_sha256$1000000$cJu91vMdVC5qhk0xON9CVm$+WrDfqMDNrA4Bd0Eod9wPHrYHLxCdxUU4KErdjbnSOQ=	\N	f	dev_karen			dev_karen@example.com	2025-06-19 04:18:06.017624+00	developer	f	t	\N
43	pbkdf2_sha256$1000000$BYoS2EfSHY5eLqKcmPY9BH$T9BSbEyvHyJtiw1yg8SP0AGUv6jgBGFY0wzC/MPfP5I=	\N	f	dev_tom			dev_tom@example.com	2025-06-19 04:18:06.252082+00	developer	f	t	\N
44	pbkdf2_sha256$1000000$7sg6yO4zffVZATqpta0sdc$tK1PsFFxnr/bluDcPGYFZ/lwDir7lU7BeX69oKeQ2iI=	\N	f	dev_linda			dev_linda@example.com	2025-06-19 04:18:06.48791+00	developer	f	t	\N
45	pbkdf2_sha256$1000000$ItBqszEmxnNFmkVnBukkoO$gZjqzNqaRGHULqjcZZuAZ0jKQ+7yWo6aqsql4XrHUrk=	\N	f	tester_emma			tester_emma@example.com	2025-06-19 04:18:06.723259+00	tester	f	t	\N
46	pbkdf2_sha256$1000000$mYMG3MYtERwyj7GZFQzCBg$O8VPFmST5666nmxS24K95HWv2yqBwxTsbIEuGYl8O4A=	\N	f	tester_raj			tester_raj@example.com	2025-06-19 04:18:06.969872+00	tester	f	t	\N
47	pbkdf2_sha256$1000000$3Bk8h7ggEHjVEKrkKJYA3l$Zz+Rf1KURave4jKhULU0OevIQl1NKIG1NUN2Rm69loQ=	\N	f	tester_aly			tester_aly@example.com	2025-06-19 04:18:07.203855+00	tester	f	t	\N
48	pbkdf2_sha256$1000000$EWclBMEBddPFzMi7GMW9Ev$coQBc7ZSAMX3rV6VLxAqG6hGo6jTmRbHkLiBbe10So8=	\N	f	tester_mia			tester_mia@example.com	2025-06-19 04:18:07.445134+00	tester	f	t	\N
49	pbkdf2_sha256$1000000$GVWYpsVVJbLr697uCOR2sf$zrCOme/bmSZXIxgLJm+6fJBU+c0VDZTtW1YzfFYEOKM=	\N	f	cust_bob			cust_bob@example.com	2025-06-19 04:18:07.692124+00	customer	f	t	\N
50	pbkdf2_sha256$1000000$tZk5NTCGZHc1XxuzOKFh9t$tc5KmfeQH9WMZa2BRlou4ZTGhKfY6Uc6H3wNrWRSwCo=	\N	f	cust_anna			cust_anna@example.com	2025-06-19 04:17:46.740233+00	customer	f	t	\N
51	pbkdf2_sha256$1000000$ZVNxkYZ76U5zVWY3klXnt3$U2/G2JM2VVf0NqjT6owQ6JDEkI+2/Ocv2lZz0UZCALQ=	2025-06-19 04:20:29.741918+00	t	Durga			durga@gmail.com	2025-06-19 04:20:17.751339+00		t	t	\N
\.


--
-- Data for Name: tracker_user_groups; Type: TABLE DATA; Schema: public; Owner: cbtsuser
--

COPY public.tracker_user_groups (id, user_id, group_id) FROM stdin;
\.


--
-- Data for Name: tracker_user_user_permissions; Type: TABLE DATA; Schema: public; Owner: cbtsuser
--

COPY public.tracker_user_user_permissions (id, user_id, permission_id) FROM stdin;
\.


--
-- Name: account_emailaddress_id_seq; Type: SEQUENCE SET; Schema: public; Owner: cbtsuser
--

SELECT pg_catalog.setval('public.account_emailaddress_id_seq', 1, false);


--
-- Name: account_emailconfirmation_id_seq; Type: SEQUENCE SET; Schema: public; Owner: cbtsuser
--

SELECT pg_catalog.setval('public.account_emailconfirmation_id_seq', 1, false);


--
-- Name: auth_group_id_seq; Type: SEQUENCE SET; Schema: public; Owner: cbtsuser
--

SELECT pg_catalog.setval('public.auth_group_id_seq', 1, false);


--
-- Name: auth_group_permissions_id_seq; Type: SEQUENCE SET; Schema: public; Owner: cbtsuser
--

SELECT pg_catalog.setval('public.auth_group_permissions_id_seq', 1, false);


--
-- Name: auth_permission_id_seq; Type: SEQUENCE SET; Schema: public; Owner: cbtsuser
--

SELECT pg_catalog.setval('public.auth_permission_id_seq', 76, true);


--
-- Name: django_admin_log_id_seq; Type: SEQUENCE SET; Schema: public; Owner: cbtsuser
--

SELECT pg_catalog.setval('public.django_admin_log_id_seq', 1, false);


--
-- Name: django_content_type_id_seq; Type: SEQUENCE SET; Schema: public; Owner: cbtsuser
--

SELECT pg_catalog.setval('public.django_content_type_id_seq', 19, true);


--
-- Name: django_migrations_id_seq; Type: SEQUENCE SET; Schema: public; Owner: cbtsuser
--

SELECT pg_catalog.setval('public.django_migrations_id_seq', 54, true);


--
-- Name: django_site_id_seq; Type: SEQUENCE SET; Schema: public; Owner: cbtsuser
--

SELECT pg_catalog.setval('public.django_site_id_seq', 1, true);


--
-- Name: socialaccount_socialaccount_id_seq; Type: SEQUENCE SET; Schema: public; Owner: cbtsuser
--

SELECT pg_catalog.setval('public.socialaccount_socialaccount_id_seq', 1, false);


--
-- Name: socialaccount_socialapp_id_seq; Type: SEQUENCE SET; Schema: public; Owner: cbtsuser
--

SELECT pg_catalog.setval('public.socialaccount_socialapp_id_seq', 1, false);


--
-- Name: socialaccount_socialapp_sites_id_seq; Type: SEQUENCE SET; Schema: public; Owner: cbtsuser
--

SELECT pg_catalog.setval('public.socialaccount_socialapp_sites_id_seq', 1, false);


--
-- Name: socialaccount_socialtoken_id_seq; Type: SEQUENCE SET; Schema: public; Owner: cbtsuser
--

SELECT pg_catalog.setval('public.socialaccount_socialtoken_id_seq', 1, false);


--
-- Name: token_blacklist_blacklistedtoken_id_seq; Type: SEQUENCE SET; Schema: public; Owner: cbtsuser
--

SELECT pg_catalog.setval('public.token_blacklist_blacklistedtoken_id_seq', 1, false);


--
-- Name: token_blacklist_outstandingtoken_id_seq; Type: SEQUENCE SET; Schema: public; Owner: cbtsuser
--

SELECT pg_catalog.setval('public.token_blacklist_outstandingtoken_id_seq', 20, true);


--
-- Name: tracker_bug_id_seq; Type: SEQUENCE SET; Schema: public; Owner: cbtsuser
--

SELECT pg_catalog.setval('public.tracker_bug_id_seq', 28, true);


--
-- Name: tracker_project_id_seq; Type: SEQUENCE SET; Schema: public; Owner: cbtsuser
--

SELECT pg_catalog.setval('public.tracker_project_id_seq', 9, true);


--
-- Name: tracker_project_team_managers_id_seq; Type: SEQUENCE SET; Schema: public; Owner: cbtsuser
--

SELECT pg_catalog.setval('public.tracker_project_team_managers_id_seq', 1, false);


--
-- Name: tracker_team_id_seq; Type: SEQUENCE SET; Schema: public; Owner: cbtsuser
--

SELECT pg_catalog.setval('public.tracker_team_id_seq', 27, true);


--
-- Name: tracker_team_managers_id_seq; Type: SEQUENCE SET; Schema: public; Owner: cbtsuser
--

SELECT pg_catalog.setval('public.tracker_team_managers_id_seq', 1, false);


--
-- Name: tracker_team_members_id_seq; Type: SEQUENCE SET; Schema: public; Owner: cbtsuser
--

SELECT pg_catalog.setval('public.tracker_team_members_id_seq', 60, true);


--
-- Name: tracker_user_groups_id_seq; Type: SEQUENCE SET; Schema: public; Owner: cbtsuser
--

SELECT pg_catalog.setval('public.tracker_user_groups_id_seq', 1, false);


--
-- Name: tracker_user_id_seq; Type: SEQUENCE SET; Schema: public; Owner: cbtsuser
--

SELECT pg_catalog.setval('public.tracker_user_id_seq', 51, true);


--
-- Name: tracker_user_user_permissions_id_seq; Type: SEQUENCE SET; Schema: public; Owner: cbtsuser
--

SELECT pg_catalog.setval('public.tracker_user_user_permissions_id_seq', 1, false);


--
-- Name: account_emailaddress account_emailaddress_pkey; Type: CONSTRAINT; Schema: public; Owner: cbtsuser
--

ALTER TABLE ONLY public.account_emailaddress
    ADD CONSTRAINT account_emailaddress_pkey PRIMARY KEY (id);


--
-- Name: account_emailaddress account_emailaddress_user_id_email_987c8728_uniq; Type: CONSTRAINT; Schema: public; Owner: cbtsuser
--

ALTER TABLE ONLY public.account_emailaddress
    ADD CONSTRAINT account_emailaddress_user_id_email_987c8728_uniq UNIQUE (user_id, email);


--
-- Name: account_emailconfirmation account_emailconfirmation_key_key; Type: CONSTRAINT; Schema: public; Owner: cbtsuser
--

ALTER TABLE ONLY public.account_emailconfirmation
    ADD CONSTRAINT account_emailconfirmation_key_key UNIQUE (key);


--
-- Name: account_emailconfirmation account_emailconfirmation_pkey; Type: CONSTRAINT; Schema: public; Owner: cbtsuser
--

ALTER TABLE ONLY public.account_emailconfirmation
    ADD CONSTRAINT account_emailconfirmation_pkey PRIMARY KEY (id);


--
-- Name: auth_group auth_group_name_key; Type: CONSTRAINT; Schema: public; Owner: cbtsuser
--

ALTER TABLE ONLY public.auth_group
    ADD CONSTRAINT auth_group_name_key UNIQUE (name);


--
-- Name: auth_group_permissions auth_group_permissions_group_id_permission_id_0cd325b0_uniq; Type: CONSTRAINT; Schema: public; Owner: cbtsuser
--

ALTER TABLE ONLY public.auth_group_permissions
    ADD CONSTRAINT auth_group_permissions_group_id_permission_id_0cd325b0_uniq UNIQUE (group_id, permission_id);


--
-- Name: auth_group_permissions auth_group_permissions_pkey; Type: CONSTRAINT; Schema: public; Owner: cbtsuser
--

ALTER TABLE ONLY public.auth_group_permissions
    ADD CONSTRAINT auth_group_permissions_pkey PRIMARY KEY (id);


--
-- Name: auth_group auth_group_pkey; Type: CONSTRAINT; Schema: public; Owner: cbtsuser
--

ALTER TABLE ONLY public.auth_group
    ADD CONSTRAINT auth_group_pkey PRIMARY KEY (id);


--
-- Name: auth_permission auth_permission_content_type_id_codename_01ab375a_uniq; Type: CONSTRAINT; Schema: public; Owner: cbtsuser
--

ALTER TABLE ONLY public.auth_permission
    ADD CONSTRAINT auth_permission_content_type_id_codename_01ab375a_uniq UNIQUE (content_type_id, codename);


--
-- Name: auth_permission auth_permission_pkey; Type: CONSTRAINT; Schema: public; Owner: cbtsuser
--

ALTER TABLE ONLY public.auth_permission
    ADD CONSTRAINT auth_permission_pkey PRIMARY KEY (id);


--
-- Name: authtoken_token authtoken_token_pkey; Type: CONSTRAINT; Schema: public; Owner: cbtsuser
--

ALTER TABLE ONLY public.authtoken_token
    ADD CONSTRAINT authtoken_token_pkey PRIMARY KEY (key);


--
-- Name: authtoken_token authtoken_token_user_id_key; Type: CONSTRAINT; Schema: public; Owner: cbtsuser
--

ALTER TABLE ONLY public.authtoken_token
    ADD CONSTRAINT authtoken_token_user_id_key UNIQUE (user_id);


--
-- Name: django_admin_log django_admin_log_pkey; Type: CONSTRAINT; Schema: public; Owner: cbtsuser
--

ALTER TABLE ONLY public.django_admin_log
    ADD CONSTRAINT django_admin_log_pkey PRIMARY KEY (id);


--
-- Name: django_content_type django_content_type_app_label_model_76bd3d3b_uniq; Type: CONSTRAINT; Schema: public; Owner: cbtsuser
--

ALTER TABLE ONLY public.django_content_type
    ADD CONSTRAINT django_content_type_app_label_model_76bd3d3b_uniq UNIQUE (app_label, model);


--
-- Name: django_content_type django_content_type_pkey; Type: CONSTRAINT; Schema: public; Owner: cbtsuser
--

ALTER TABLE ONLY public.django_content_type
    ADD CONSTRAINT django_content_type_pkey PRIMARY KEY (id);


--
-- Name: django_migrations django_migrations_pkey; Type: CONSTRAINT; Schema: public; Owner: cbtsuser
--

ALTER TABLE ONLY public.django_migrations
    ADD CONSTRAINT django_migrations_pkey PRIMARY KEY (id);


--
-- Name: django_session django_session_pkey; Type: CONSTRAINT; Schema: public; Owner: cbtsuser
--

ALTER TABLE ONLY public.django_session
    ADD CONSTRAINT django_session_pkey PRIMARY KEY (session_key);


--
-- Name: django_site django_site_domain_a2e37b91_uniq; Type: CONSTRAINT; Schema: public; Owner: cbtsuser
--

ALTER TABLE ONLY public.django_site
    ADD CONSTRAINT django_site_domain_a2e37b91_uniq UNIQUE (domain);


--
-- Name: django_site django_site_pkey; Type: CONSTRAINT; Schema: public; Owner: cbtsuser
--

ALTER TABLE ONLY public.django_site
    ADD CONSTRAINT django_site_pkey PRIMARY KEY (id);


--
-- Name: socialaccount_socialaccount socialaccount_socialaccount_pkey; Type: CONSTRAINT; Schema: public; Owner: cbtsuser
--

ALTER TABLE ONLY public.socialaccount_socialaccount
    ADD CONSTRAINT socialaccount_socialaccount_pkey PRIMARY KEY (id);


--
-- Name: socialaccount_socialaccount socialaccount_socialaccount_provider_uid_fc810c6e_uniq; Type: CONSTRAINT; Schema: public; Owner: cbtsuser
--

ALTER TABLE ONLY public.socialaccount_socialaccount
    ADD CONSTRAINT socialaccount_socialaccount_provider_uid_fc810c6e_uniq UNIQUE (provider, uid);


--
-- Name: socialaccount_socialapp_sites socialaccount_socialapp__socialapp_id_site_id_71a9a768_uniq; Type: CONSTRAINT; Schema: public; Owner: cbtsuser
--

ALTER TABLE ONLY public.socialaccount_socialapp_sites
    ADD CONSTRAINT socialaccount_socialapp__socialapp_id_site_id_71a9a768_uniq UNIQUE (socialapp_id, site_id);


--
-- Name: socialaccount_socialapp socialaccount_socialapp_pkey; Type: CONSTRAINT; Schema: public; Owner: cbtsuser
--

ALTER TABLE ONLY public.socialaccount_socialapp
    ADD CONSTRAINT socialaccount_socialapp_pkey PRIMARY KEY (id);


--
-- Name: socialaccount_socialapp_sites socialaccount_socialapp_sites_pkey; Type: CONSTRAINT; Schema: public; Owner: cbtsuser
--

ALTER TABLE ONLY public.socialaccount_socialapp_sites
    ADD CONSTRAINT socialaccount_socialapp_sites_pkey PRIMARY KEY (id);


--
-- Name: socialaccount_socialtoken socialaccount_socialtoken_app_id_account_id_fca4e0ac_uniq; Type: CONSTRAINT; Schema: public; Owner: cbtsuser
--

ALTER TABLE ONLY public.socialaccount_socialtoken
    ADD CONSTRAINT socialaccount_socialtoken_app_id_account_id_fca4e0ac_uniq UNIQUE (app_id, account_id);


--
-- Name: socialaccount_socialtoken socialaccount_socialtoken_pkey; Type: CONSTRAINT; Schema: public; Owner: cbtsuser
--

ALTER TABLE ONLY public.socialaccount_socialtoken
    ADD CONSTRAINT socialaccount_socialtoken_pkey PRIMARY KEY (id);


--
-- Name: token_blacklist_blacklistedtoken token_blacklist_blacklistedtoken_pkey; Type: CONSTRAINT; Schema: public; Owner: cbtsuser
--

ALTER TABLE ONLY public.token_blacklist_blacklistedtoken
    ADD CONSTRAINT token_blacklist_blacklistedtoken_pkey PRIMARY KEY (id);


--
-- Name: token_blacklist_blacklistedtoken token_blacklist_blacklistedtoken_token_id_key; Type: CONSTRAINT; Schema: public; Owner: cbtsuser
--

ALTER TABLE ONLY public.token_blacklist_blacklistedtoken
    ADD CONSTRAINT token_blacklist_blacklistedtoken_token_id_key UNIQUE (token_id);


--
-- Name: token_blacklist_outstandingtoken token_blacklist_outstandingtoken_jti_hex_d9bdf6f7_uniq; Type: CONSTRAINT; Schema: public; Owner: cbtsuser
--

ALTER TABLE ONLY public.token_blacklist_outstandingtoken
    ADD CONSTRAINT token_blacklist_outstandingtoken_jti_hex_d9bdf6f7_uniq UNIQUE (jti);


--
-- Name: token_blacklist_outstandingtoken token_blacklist_outstandingtoken_pkey; Type: CONSTRAINT; Schema: public; Owner: cbtsuser
--

ALTER TABLE ONLY public.token_blacklist_outstandingtoken
    ADD CONSTRAINT token_blacklist_outstandingtoken_pkey PRIMARY KEY (id);


--
-- Name: tracker_bug tracker_bug_pkey; Type: CONSTRAINT; Schema: public; Owner: cbtsuser
--

ALTER TABLE ONLY public.tracker_bug
    ADD CONSTRAINT tracker_bug_pkey PRIMARY KEY (id);


--
-- Name: tracker_project tracker_project_pkey; Type: CONSTRAINT; Schema: public; Owner: cbtsuser
--

ALTER TABLE ONLY public.tracker_project
    ADD CONSTRAINT tracker_project_pkey PRIMARY KEY (id);


--
-- Name: tracker_project_team_managers tracker_project_team_managers_pkey; Type: CONSTRAINT; Schema: public; Owner: cbtsuser
--

ALTER TABLE ONLY public.tracker_project_team_managers
    ADD CONSTRAINT tracker_project_team_managers_pkey PRIMARY KEY (id);


--
-- Name: tracker_project_team_managers tracker_project_team_managers_project_id_user_id_2df7c0eb_uniq; Type: CONSTRAINT; Schema: public; Owner: cbtsuser
--

ALTER TABLE ONLY public.tracker_project_team_managers
    ADD CONSTRAINT tracker_project_team_managers_project_id_user_id_2df7c0eb_uniq UNIQUE (project_id, user_id);


--
-- Name: tracker_team_managers tracker_team_managers_pkey; Type: CONSTRAINT; Schema: public; Owner: cbtsuser
--

ALTER TABLE ONLY public.tracker_team_managers
    ADD CONSTRAINT tracker_team_managers_pkey PRIMARY KEY (id);


--
-- Name: tracker_team_managers tracker_team_managers_team_id_user_id_822ca0c8_uniq; Type: CONSTRAINT; Schema: public; Owner: cbtsuser
--

ALTER TABLE ONLY public.tracker_team_managers
    ADD CONSTRAINT tracker_team_managers_team_id_user_id_822ca0c8_uniq UNIQUE (team_id, user_id);


--
-- Name: tracker_team_members tracker_team_members_pkey; Type: CONSTRAINT; Schema: public; Owner: cbtsuser
--

ALTER TABLE ONLY public.tracker_team_members
    ADD CONSTRAINT tracker_team_members_pkey PRIMARY KEY (id);


--
-- Name: tracker_team_members tracker_team_members_team_id_user_id_10674fa5_uniq; Type: CONSTRAINT; Schema: public; Owner: cbtsuser
--

ALTER TABLE ONLY public.tracker_team_members
    ADD CONSTRAINT tracker_team_members_team_id_user_id_10674fa5_uniq UNIQUE (team_id, user_id);


--
-- Name: tracker_team tracker_team_pkey; Type: CONSTRAINT; Schema: public; Owner: cbtsuser
--

ALTER TABLE ONLY public.tracker_team
    ADD CONSTRAINT tracker_team_pkey PRIMARY KEY (id);


--
-- Name: tracker_user_groups tracker_user_groups_pkey; Type: CONSTRAINT; Schema: public; Owner: cbtsuser
--

ALTER TABLE ONLY public.tracker_user_groups
    ADD CONSTRAINT tracker_user_groups_pkey PRIMARY KEY (id);


--
-- Name: tracker_user_groups tracker_user_groups_user_id_group_id_5921fa57_uniq; Type: CONSTRAINT; Schema: public; Owner: cbtsuser
--

ALTER TABLE ONLY public.tracker_user_groups
    ADD CONSTRAINT tracker_user_groups_user_id_group_id_5921fa57_uniq UNIQUE (user_id, group_id);


--
-- Name: tracker_user tracker_user_pkey; Type: CONSTRAINT; Schema: public; Owner: cbtsuser
--

ALTER TABLE ONLY public.tracker_user
    ADD CONSTRAINT tracker_user_pkey PRIMARY KEY (id);


--
-- Name: tracker_user_user_permissions tracker_user_user_permis_user_id_permission_id_be8b5f34_uniq; Type: CONSTRAINT; Schema: public; Owner: cbtsuser
--

ALTER TABLE ONLY public.tracker_user_user_permissions
    ADD CONSTRAINT tracker_user_user_permis_user_id_permission_id_be8b5f34_uniq UNIQUE (user_id, permission_id);


--
-- Name: tracker_user_user_permissions tracker_user_user_permissions_pkey; Type: CONSTRAINT; Schema: public; Owner: cbtsuser
--

ALTER TABLE ONLY public.tracker_user_user_permissions
    ADD CONSTRAINT tracker_user_user_permissions_pkey PRIMARY KEY (id);


--
-- Name: tracker_user tracker_user_username_key; Type: CONSTRAINT; Schema: public; Owner: cbtsuser
--

ALTER TABLE ONLY public.tracker_user
    ADD CONSTRAINT tracker_user_username_key UNIQUE (username);


--
-- Name: account_emailaddress_email_03be32b2; Type: INDEX; Schema: public; Owner: cbtsuser
--

CREATE INDEX account_emailaddress_email_03be32b2 ON public.account_emailaddress USING btree (email);


--
-- Name: account_emailaddress_email_03be32b2_like; Type: INDEX; Schema: public; Owner: cbtsuser
--

CREATE INDEX account_emailaddress_email_03be32b2_like ON public.account_emailaddress USING btree (email varchar_pattern_ops);


--
-- Name: account_emailaddress_user_id_2c513194; Type: INDEX; Schema: public; Owner: cbtsuser
--

CREATE INDEX account_emailaddress_user_id_2c513194 ON public.account_emailaddress USING btree (user_id);


--
-- Name: account_emailconfirmation_email_address_id_5b7f8c58; Type: INDEX; Schema: public; Owner: cbtsuser
--

CREATE INDEX account_emailconfirmation_email_address_id_5b7f8c58 ON public.account_emailconfirmation USING btree (email_address_id);


--
-- Name: account_emailconfirmation_key_f43612bd_like; Type: INDEX; Schema: public; Owner: cbtsuser
--

CREATE INDEX account_emailconfirmation_key_f43612bd_like ON public.account_emailconfirmation USING btree (key varchar_pattern_ops);


--
-- Name: auth_group_name_a6ea08ec_like; Type: INDEX; Schema: public; Owner: cbtsuser
--

CREATE INDEX auth_group_name_a6ea08ec_like ON public.auth_group USING btree (name varchar_pattern_ops);


--
-- Name: auth_group_permissions_group_id_b120cbf9; Type: INDEX; Schema: public; Owner: cbtsuser
--

CREATE INDEX auth_group_permissions_group_id_b120cbf9 ON public.auth_group_permissions USING btree (group_id);


--
-- Name: auth_group_permissions_permission_id_84c5c92e; Type: INDEX; Schema: public; Owner: cbtsuser
--

CREATE INDEX auth_group_permissions_permission_id_84c5c92e ON public.auth_group_permissions USING btree (permission_id);


--
-- Name: auth_permission_content_type_id_2f476e4b; Type: INDEX; Schema: public; Owner: cbtsuser
--

CREATE INDEX auth_permission_content_type_id_2f476e4b ON public.auth_permission USING btree (content_type_id);


--
-- Name: authtoken_token_key_10f0b77e_like; Type: INDEX; Schema: public; Owner: cbtsuser
--

CREATE INDEX authtoken_token_key_10f0b77e_like ON public.authtoken_token USING btree (key varchar_pattern_ops);


--
-- Name: django_admin_log_content_type_id_c4bce8eb; Type: INDEX; Schema: public; Owner: cbtsuser
--

CREATE INDEX django_admin_log_content_type_id_c4bce8eb ON public.django_admin_log USING btree (content_type_id);


--
-- Name: django_admin_log_user_id_c564eba6; Type: INDEX; Schema: public; Owner: cbtsuser
--

CREATE INDEX django_admin_log_user_id_c564eba6 ON public.django_admin_log USING btree (user_id);


--
-- Name: django_session_expire_date_a5c62663; Type: INDEX; Schema: public; Owner: cbtsuser
--

CREATE INDEX django_session_expire_date_a5c62663 ON public.django_session USING btree (expire_date);


--
-- Name: django_session_session_key_c0390e0f_like; Type: INDEX; Schema: public; Owner: cbtsuser
--

CREATE INDEX django_session_session_key_c0390e0f_like ON public.django_session USING btree (session_key varchar_pattern_ops);


--
-- Name: django_site_domain_a2e37b91_like; Type: INDEX; Schema: public; Owner: cbtsuser
--

CREATE INDEX django_site_domain_a2e37b91_like ON public.django_site USING btree (domain varchar_pattern_ops);


--
-- Name: socialaccount_socialaccount_user_id_8146e70c; Type: INDEX; Schema: public; Owner: cbtsuser
--

CREATE INDEX socialaccount_socialaccount_user_id_8146e70c ON public.socialaccount_socialaccount USING btree (user_id);


--
-- Name: socialaccount_socialapp_sites_site_id_2579dee5; Type: INDEX; Schema: public; Owner: cbtsuser
--

CREATE INDEX socialaccount_socialapp_sites_site_id_2579dee5 ON public.socialaccount_socialapp_sites USING btree (site_id);


--
-- Name: socialaccount_socialapp_sites_socialapp_id_97fb6e7d; Type: INDEX; Schema: public; Owner: cbtsuser
--

CREATE INDEX socialaccount_socialapp_sites_socialapp_id_97fb6e7d ON public.socialaccount_socialapp_sites USING btree (socialapp_id);


--
-- Name: socialaccount_socialtoken_account_id_951f210e; Type: INDEX; Schema: public; Owner: cbtsuser
--

CREATE INDEX socialaccount_socialtoken_account_id_951f210e ON public.socialaccount_socialtoken USING btree (account_id);


--
-- Name: socialaccount_socialtoken_app_id_636a42d7; Type: INDEX; Schema: public; Owner: cbtsuser
--

CREATE INDEX socialaccount_socialtoken_app_id_636a42d7 ON public.socialaccount_socialtoken USING btree (app_id);


--
-- Name: token_blacklist_outstandingtoken_jti_hex_d9bdf6f7_like; Type: INDEX; Schema: public; Owner: cbtsuser
--

CREATE INDEX token_blacklist_outstandingtoken_jti_hex_d9bdf6f7_like ON public.token_blacklist_outstandingtoken USING btree (jti varchar_pattern_ops);


--
-- Name: token_blacklist_outstandingtoken_user_id_83bc629a; Type: INDEX; Schema: public; Owner: cbtsuser
--

CREATE INDEX token_blacklist_outstandingtoken_user_id_83bc629a ON public.token_blacklist_outstandingtoken USING btree (user_id);


--
-- Name: tracker_bug_assigned_to_id_59d2db48; Type: INDEX; Schema: public; Owner: cbtsuser
--

CREATE INDEX tracker_bug_assigned_to_id_59d2db48 ON public.tracker_bug USING btree (assigned_to_id);


--
-- Name: tracker_bug_project_id_126fc451; Type: INDEX; Schema: public; Owner: cbtsuser
--

CREATE INDEX tracker_bug_project_id_126fc451 ON public.tracker_bug USING btree (project_id);


--
-- Name: tracker_bug_reported_by_id_716be3d0; Type: INDEX; Schema: public; Owner: cbtsuser
--

CREATE INDEX tracker_bug_reported_by_id_716be3d0 ON public.tracker_bug USING btree (reported_by_id);


--
-- Name: tracker_bug_team_id_71bbcde0; Type: INDEX; Schema: public; Owner: cbtsuser
--

CREATE INDEX tracker_bug_team_id_71bbcde0 ON public.tracker_bug USING btree (team_id);


--
-- Name: tracker_project_manager_id_01eee176; Type: INDEX; Schema: public; Owner: cbtsuser
--

CREATE INDEX tracker_project_manager_id_01eee176 ON public.tracker_project USING btree (manager_id);


--
-- Name: tracker_project_team_managers_project_id_c063d11d; Type: INDEX; Schema: public; Owner: cbtsuser
--

CREATE INDEX tracker_project_team_managers_project_id_c063d11d ON public.tracker_project_team_managers USING btree (project_id);


--
-- Name: tracker_project_team_managers_user_id_27f579d6; Type: INDEX; Schema: public; Owner: cbtsuser
--

CREATE INDEX tracker_project_team_managers_user_id_27f579d6 ON public.tracker_project_team_managers USING btree (user_id);


--
-- Name: tracker_team_lead_id_9df28341; Type: INDEX; Schema: public; Owner: cbtsuser
--

CREATE INDEX tracker_team_lead_id_9df28341 ON public.tracker_team USING btree (lead_id);


--
-- Name: tracker_team_managers_team_id_3a787453; Type: INDEX; Schema: public; Owner: cbtsuser
--

CREATE INDEX tracker_team_managers_team_id_3a787453 ON public.tracker_team_managers USING btree (team_id);


--
-- Name: tracker_team_managers_user_id_57542b9a; Type: INDEX; Schema: public; Owner: cbtsuser
--

CREATE INDEX tracker_team_managers_user_id_57542b9a ON public.tracker_team_managers USING btree (user_id);


--
-- Name: tracker_team_members_team_id_13eb0dad; Type: INDEX; Schema: public; Owner: cbtsuser
--

CREATE INDEX tracker_team_members_team_id_13eb0dad ON public.tracker_team_members USING btree (team_id);


--
-- Name: tracker_team_members_user_id_2491211e; Type: INDEX; Schema: public; Owner: cbtsuser
--

CREATE INDEX tracker_team_members_user_id_2491211e ON public.tracker_team_members USING btree (user_id);


--
-- Name: tracker_team_project_id_b1671f3b; Type: INDEX; Schema: public; Owner: cbtsuser
--

CREATE INDEX tracker_team_project_id_b1671f3b ON public.tracker_team USING btree (project_id);


--
-- Name: tracker_user_groups_group_id_813b437a; Type: INDEX; Schema: public; Owner: cbtsuser
--

CREATE INDEX tracker_user_groups_group_id_813b437a ON public.tracker_user_groups USING btree (group_id);


--
-- Name: tracker_user_groups_user_id_2e9a63db; Type: INDEX; Schema: public; Owner: cbtsuser
--

CREATE INDEX tracker_user_groups_user_id_2e9a63db ON public.tracker_user_groups USING btree (user_id);


--
-- Name: tracker_user_team_id_9d69b18e; Type: INDEX; Schema: public; Owner: cbtsuser
--

CREATE INDEX tracker_user_team_id_9d69b18e ON public.tracker_user USING btree (team_id);


--
-- Name: tracker_user_user_permissions_permission_id_1030be02; Type: INDEX; Schema: public; Owner: cbtsuser
--

CREATE INDEX tracker_user_user_permissions_permission_id_1030be02 ON public.tracker_user_user_permissions USING btree (permission_id);


--
-- Name: tracker_user_user_permissions_user_id_5cc63ef9; Type: INDEX; Schema: public; Owner: cbtsuser
--

CREATE INDEX tracker_user_user_permissions_user_id_5cc63ef9 ON public.tracker_user_user_permissions USING btree (user_id);


--
-- Name: tracker_user_username_bb74bdf6_like; Type: INDEX; Schema: public; Owner: cbtsuser
--

CREATE INDEX tracker_user_username_bb74bdf6_like ON public.tracker_user USING btree (username varchar_pattern_ops);


--
-- Name: unique_primary_email; Type: INDEX; Schema: public; Owner: cbtsuser
--

CREATE UNIQUE INDEX unique_primary_email ON public.account_emailaddress USING btree (user_id, "primary") WHERE "primary";


--
-- Name: unique_verified_email; Type: INDEX; Schema: public; Owner: cbtsuser
--

CREATE UNIQUE INDEX unique_verified_email ON public.account_emailaddress USING btree (email) WHERE verified;


--
-- Name: account_emailaddress account_emailaddress_user_id_2c513194_fk_tracker_user_id; Type: FK CONSTRAINT; Schema: public; Owner: cbtsuser
--

ALTER TABLE ONLY public.account_emailaddress
    ADD CONSTRAINT account_emailaddress_user_id_2c513194_fk_tracker_user_id FOREIGN KEY (user_id) REFERENCES public.tracker_user(id) DEFERRABLE INITIALLY DEFERRED;


--
-- Name: account_emailconfirmation account_emailconfirm_email_address_id_5b7f8c58_fk_account_e; Type: FK CONSTRAINT; Schema: public; Owner: cbtsuser
--

ALTER TABLE ONLY public.account_emailconfirmation
    ADD CONSTRAINT account_emailconfirm_email_address_id_5b7f8c58_fk_account_e FOREIGN KEY (email_address_id) REFERENCES public.account_emailaddress(id) DEFERRABLE INITIALLY DEFERRED;


--
-- Name: auth_group_permissions auth_group_permissio_permission_id_84c5c92e_fk_auth_perm; Type: FK CONSTRAINT; Schema: public; Owner: cbtsuser
--

ALTER TABLE ONLY public.auth_group_permissions
    ADD CONSTRAINT auth_group_permissio_permission_id_84c5c92e_fk_auth_perm FOREIGN KEY (permission_id) REFERENCES public.auth_permission(id) DEFERRABLE INITIALLY DEFERRED;


--
-- Name: auth_group_permissions auth_group_permissions_group_id_b120cbf9_fk_auth_group_id; Type: FK CONSTRAINT; Schema: public; Owner: cbtsuser
--

ALTER TABLE ONLY public.auth_group_permissions
    ADD CONSTRAINT auth_group_permissions_group_id_b120cbf9_fk_auth_group_id FOREIGN KEY (group_id) REFERENCES public.auth_group(id) DEFERRABLE INITIALLY DEFERRED;


--
-- Name: auth_permission auth_permission_content_type_id_2f476e4b_fk_django_co; Type: FK CONSTRAINT; Schema: public; Owner: cbtsuser
--

ALTER TABLE ONLY public.auth_permission
    ADD CONSTRAINT auth_permission_content_type_id_2f476e4b_fk_django_co FOREIGN KEY (content_type_id) REFERENCES public.django_content_type(id) DEFERRABLE INITIALLY DEFERRED;


--
-- Name: authtoken_token authtoken_token_user_id_35299eff_fk_tracker_user_id; Type: FK CONSTRAINT; Schema: public; Owner: cbtsuser
--

ALTER TABLE ONLY public.authtoken_token
    ADD CONSTRAINT authtoken_token_user_id_35299eff_fk_tracker_user_id FOREIGN KEY (user_id) REFERENCES public.tracker_user(id) DEFERRABLE INITIALLY DEFERRED;


--
-- Name: django_admin_log django_admin_log_content_type_id_c4bce8eb_fk_django_co; Type: FK CONSTRAINT; Schema: public; Owner: cbtsuser
--

ALTER TABLE ONLY public.django_admin_log
    ADD CONSTRAINT django_admin_log_content_type_id_c4bce8eb_fk_django_co FOREIGN KEY (content_type_id) REFERENCES public.django_content_type(id) DEFERRABLE INITIALLY DEFERRED;


--
-- Name: django_admin_log django_admin_log_user_id_c564eba6_fk_tracker_user_id; Type: FK CONSTRAINT; Schema: public; Owner: cbtsuser
--

ALTER TABLE ONLY public.django_admin_log
    ADD CONSTRAINT django_admin_log_user_id_c564eba6_fk_tracker_user_id FOREIGN KEY (user_id) REFERENCES public.tracker_user(id) DEFERRABLE INITIALLY DEFERRED;


--
-- Name: socialaccount_socialtoken socialaccount_social_account_id_951f210e_fk_socialacc; Type: FK CONSTRAINT; Schema: public; Owner: cbtsuser
--

ALTER TABLE ONLY public.socialaccount_socialtoken
    ADD CONSTRAINT socialaccount_social_account_id_951f210e_fk_socialacc FOREIGN KEY (account_id) REFERENCES public.socialaccount_socialaccount(id) DEFERRABLE INITIALLY DEFERRED;


--
-- Name: socialaccount_socialtoken socialaccount_social_app_id_636a42d7_fk_socialacc; Type: FK CONSTRAINT; Schema: public; Owner: cbtsuser
--

ALTER TABLE ONLY public.socialaccount_socialtoken
    ADD CONSTRAINT socialaccount_social_app_id_636a42d7_fk_socialacc FOREIGN KEY (app_id) REFERENCES public.socialaccount_socialapp(id) DEFERRABLE INITIALLY DEFERRED;


--
-- Name: socialaccount_socialapp_sites socialaccount_social_site_id_2579dee5_fk_django_si; Type: FK CONSTRAINT; Schema: public; Owner: cbtsuser
--

ALTER TABLE ONLY public.socialaccount_socialapp_sites
    ADD CONSTRAINT socialaccount_social_site_id_2579dee5_fk_django_si FOREIGN KEY (site_id) REFERENCES public.django_site(id) DEFERRABLE INITIALLY DEFERRED;


--
-- Name: socialaccount_socialapp_sites socialaccount_social_socialapp_id_97fb6e7d_fk_socialacc; Type: FK CONSTRAINT; Schema: public; Owner: cbtsuser
--

ALTER TABLE ONLY public.socialaccount_socialapp_sites
    ADD CONSTRAINT socialaccount_social_socialapp_id_97fb6e7d_fk_socialacc FOREIGN KEY (socialapp_id) REFERENCES public.socialaccount_socialapp(id) DEFERRABLE INITIALLY DEFERRED;


--
-- Name: socialaccount_socialaccount socialaccount_socialaccount_user_id_8146e70c_fk_tracker_user_id; Type: FK CONSTRAINT; Schema: public; Owner: cbtsuser
--

ALTER TABLE ONLY public.socialaccount_socialaccount
    ADD CONSTRAINT socialaccount_socialaccount_user_id_8146e70c_fk_tracker_user_id FOREIGN KEY (user_id) REFERENCES public.tracker_user(id) DEFERRABLE INITIALLY DEFERRED;


--
-- Name: token_blacklist_blacklistedtoken token_blacklist_blacklistedtoken_token_id_3cc7fe56_fk; Type: FK CONSTRAINT; Schema: public; Owner: cbtsuser
--

ALTER TABLE ONLY public.token_blacklist_blacklistedtoken
    ADD CONSTRAINT token_blacklist_blacklistedtoken_token_id_3cc7fe56_fk FOREIGN KEY (token_id) REFERENCES public.token_blacklist_outstandingtoken(id) DEFERRABLE INITIALLY DEFERRED;


--
-- Name: token_blacklist_outstandingtoken token_blacklist_outs_user_id_83bc629a_fk_tracker_u; Type: FK CONSTRAINT; Schema: public; Owner: cbtsuser
--

ALTER TABLE ONLY public.token_blacklist_outstandingtoken
    ADD CONSTRAINT token_blacklist_outs_user_id_83bc629a_fk_tracker_u FOREIGN KEY (user_id) REFERENCES public.tracker_user(id) DEFERRABLE INITIALLY DEFERRED;


--
-- Name: tracker_bug tracker_bug_assigned_to_id_59d2db48_fk_tracker_user_id; Type: FK CONSTRAINT; Schema: public; Owner: cbtsuser
--

ALTER TABLE ONLY public.tracker_bug
    ADD CONSTRAINT tracker_bug_assigned_to_id_59d2db48_fk_tracker_user_id FOREIGN KEY (assigned_to_id) REFERENCES public.tracker_user(id) DEFERRABLE INITIALLY DEFERRED;


--
-- Name: tracker_bug tracker_bug_project_id_126fc451_fk_tracker_project_id; Type: FK CONSTRAINT; Schema: public; Owner: cbtsuser
--

ALTER TABLE ONLY public.tracker_bug
    ADD CONSTRAINT tracker_bug_project_id_126fc451_fk_tracker_project_id FOREIGN KEY (project_id) REFERENCES public.tracker_project(id) DEFERRABLE INITIALLY DEFERRED;


--
-- Name: tracker_bug tracker_bug_reported_by_id_716be3d0_fk_tracker_user_id; Type: FK CONSTRAINT; Schema: public; Owner: cbtsuser
--

ALTER TABLE ONLY public.tracker_bug
    ADD CONSTRAINT tracker_bug_reported_by_id_716be3d0_fk_tracker_user_id FOREIGN KEY (reported_by_id) REFERENCES public.tracker_user(id) DEFERRABLE INITIALLY DEFERRED;


--
-- Name: tracker_bug tracker_bug_team_id_71bbcde0_fk_tracker_team_id; Type: FK CONSTRAINT; Schema: public; Owner: cbtsuser
--

ALTER TABLE ONLY public.tracker_bug
    ADD CONSTRAINT tracker_bug_team_id_71bbcde0_fk_tracker_team_id FOREIGN KEY (team_id) REFERENCES public.tracker_team(id) DEFERRABLE INITIALLY DEFERRED;


--
-- Name: tracker_project tracker_project_manager_id_01eee176_fk_tracker_user_id; Type: FK CONSTRAINT; Schema: public; Owner: cbtsuser
--

ALTER TABLE ONLY public.tracker_project
    ADD CONSTRAINT tracker_project_manager_id_01eee176_fk_tracker_user_id FOREIGN KEY (manager_id) REFERENCES public.tracker_user(id) DEFERRABLE INITIALLY DEFERRED;


--
-- Name: tracker_project_team_managers tracker_project_team_project_id_c063d11d_fk_tracker_p; Type: FK CONSTRAINT; Schema: public; Owner: cbtsuser
--

ALTER TABLE ONLY public.tracker_project_team_managers
    ADD CONSTRAINT tracker_project_team_project_id_c063d11d_fk_tracker_p FOREIGN KEY (project_id) REFERENCES public.tracker_project(id) DEFERRABLE INITIALLY DEFERRED;


--
-- Name: tracker_project_team_managers tracker_project_team_user_id_27f579d6_fk_tracker_u; Type: FK CONSTRAINT; Schema: public; Owner: cbtsuser
--

ALTER TABLE ONLY public.tracker_project_team_managers
    ADD CONSTRAINT tracker_project_team_user_id_27f579d6_fk_tracker_u FOREIGN KEY (user_id) REFERENCES public.tracker_user(id) DEFERRABLE INITIALLY DEFERRED;


--
-- Name: tracker_team tracker_team_lead_id_9df28341_fk_tracker_user_id; Type: FK CONSTRAINT; Schema: public; Owner: cbtsuser
--

ALTER TABLE ONLY public.tracker_team
    ADD CONSTRAINT tracker_team_lead_id_9df28341_fk_tracker_user_id FOREIGN KEY (lead_id) REFERENCES public.tracker_user(id) DEFERRABLE INITIALLY DEFERRED;


--
-- Name: tracker_team_managers tracker_team_managers_team_id_3a787453_fk_tracker_team_id; Type: FK CONSTRAINT; Schema: public; Owner: cbtsuser
--

ALTER TABLE ONLY public.tracker_team_managers
    ADD CONSTRAINT tracker_team_managers_team_id_3a787453_fk_tracker_team_id FOREIGN KEY (team_id) REFERENCES public.tracker_team(id) DEFERRABLE INITIALLY DEFERRED;


--
-- Name: tracker_team_managers tracker_team_managers_user_id_57542b9a_fk_tracker_user_id; Type: FK CONSTRAINT; Schema: public; Owner: cbtsuser
--

ALTER TABLE ONLY public.tracker_team_managers
    ADD CONSTRAINT tracker_team_managers_user_id_57542b9a_fk_tracker_user_id FOREIGN KEY (user_id) REFERENCES public.tracker_user(id) DEFERRABLE INITIALLY DEFERRED;


--
-- Name: tracker_team_members tracker_team_members_team_id_13eb0dad_fk_tracker_team_id; Type: FK CONSTRAINT; Schema: public; Owner: cbtsuser
--

ALTER TABLE ONLY public.tracker_team_members
    ADD CONSTRAINT tracker_team_members_team_id_13eb0dad_fk_tracker_team_id FOREIGN KEY (team_id) REFERENCES public.tracker_team(id) DEFERRABLE INITIALLY DEFERRED;


--
-- Name: tracker_team_members tracker_team_members_user_id_2491211e_fk_tracker_user_id; Type: FK CONSTRAINT; Schema: public; Owner: cbtsuser
--

ALTER TABLE ONLY public.tracker_team_members
    ADD CONSTRAINT tracker_team_members_user_id_2491211e_fk_tracker_user_id FOREIGN KEY (user_id) REFERENCES public.tracker_user(id) DEFERRABLE INITIALLY DEFERRED;


--
-- Name: tracker_team tracker_team_project_id_b1671f3b_fk_tracker_project_id; Type: FK CONSTRAINT; Schema: public; Owner: cbtsuser
--

ALTER TABLE ONLY public.tracker_team
    ADD CONSTRAINT tracker_team_project_id_b1671f3b_fk_tracker_project_id FOREIGN KEY (project_id) REFERENCES public.tracker_project(id) DEFERRABLE INITIALLY DEFERRED;


--
-- Name: tracker_user_groups tracker_user_groups_group_id_813b437a_fk_auth_group_id; Type: FK CONSTRAINT; Schema: public; Owner: cbtsuser
--

ALTER TABLE ONLY public.tracker_user_groups
    ADD CONSTRAINT tracker_user_groups_group_id_813b437a_fk_auth_group_id FOREIGN KEY (group_id) REFERENCES public.auth_group(id) DEFERRABLE INITIALLY DEFERRED;


--
-- Name: tracker_user_groups tracker_user_groups_user_id_2e9a63db_fk_tracker_user_id; Type: FK CONSTRAINT; Schema: public; Owner: cbtsuser
--

ALTER TABLE ONLY public.tracker_user_groups
    ADD CONSTRAINT tracker_user_groups_user_id_2e9a63db_fk_tracker_user_id FOREIGN KEY (user_id) REFERENCES public.tracker_user(id) DEFERRABLE INITIALLY DEFERRED;


--
-- Name: tracker_user tracker_user_team_id_9d69b18e_fk_tracker_team_id; Type: FK CONSTRAINT; Schema: public; Owner: cbtsuser
--

ALTER TABLE ONLY public.tracker_user
    ADD CONSTRAINT tracker_user_team_id_9d69b18e_fk_tracker_team_id FOREIGN KEY (team_id) REFERENCES public.tracker_team(id) DEFERRABLE INITIALLY DEFERRED;


--
-- Name: tracker_user_user_permissions tracker_user_user_pe_permission_id_1030be02_fk_auth_perm; Type: FK CONSTRAINT; Schema: public; Owner: cbtsuser
--

ALTER TABLE ONLY public.tracker_user_user_permissions
    ADD CONSTRAINT tracker_user_user_pe_permission_id_1030be02_fk_auth_perm FOREIGN KEY (permission_id) REFERENCES public.auth_permission(id) DEFERRABLE INITIALLY DEFERRED;


--
-- Name: tracker_user_user_permissions tracker_user_user_pe_user_id_5cc63ef9_fk_tracker_u; Type: FK CONSTRAINT; Schema: public; Owner: cbtsuser
--

ALTER TABLE ONLY public.tracker_user_user_permissions
    ADD CONSTRAINT tracker_user_user_pe_user_id_5cc63ef9_fk_tracker_u FOREIGN KEY (user_id) REFERENCES public.tracker_user(id) DEFERRABLE INITIALLY DEFERRED;


--
-- PostgreSQL database dump complete
--

